s0,s1,s2,s3,s4,s5,s6,s7,s8,s9,qc,pred,mse,score,,
-,-,-,-,+,+,-,-,-,+,-,s8,0.240831593,0.771027089,3,-0.773356903
-,-,-,+,+,-,-,-,+,-,+,s9,0.246749654,0.736610032,4,
-,-,-,-,-,-,+,+,+,-,+,s9,0.300791124,0.709253755,4,
-,-,-,-,+,-,+,-,-,+,-,s8,0.281832131,0.705612086,3,
-,-,-,-,-,+,+,+,+,-,+,s9,0.267749943,0.703529104,5,
-,-,-,+,+,-,-,+,-,-,+,s9,0.346058505,0.680335901,4,
-,-,-,-,-,-,+,+,+,-,-,s9,0.435940445,0.668296519,3,
-,-,-,+,-,+,-,-,+,-,-,s9,0.2688148,0.667624191,3,
-,-,-,-,-,-,-,-,+,-,-,s9,0.287713666,0.665182783,1,
-,-,-,-,+,+,+,-,-,+,+,s8,0.391690705,0.660578301,5,
-,-,+,-,-,-,-,-,+,-,+,s9,0.451345864,0.659196231,3,
-,-,-,-,+,-,-,-,+,-,-,s9,0.361205725,0.656726995,2,
-,-,-,-,-,+,-,+,-,+,+,s8,0.294816938,0.655243738,4,
-,-,-,-,-,+,+,+,-,+,+,s8,0.426565518,0.654017576,5,
-,-,-,+,-,+,-,+,-,-,+,s9,0.310564202,0.651242247,4,
-,-,-,-,-,+,-,-,+,-,-,s9,0.260962542,0.651170929,2,
-,-,-,+,+,-,+,-,+,-,-,s9,0.287777864,0.650368716,4,
-,-,+,-,-,-,-,+,-,+,-,s8,0.404768136,0.646071739,3,
-,-,+,-,+,-,-,-,-,+,-,s8,0.389198755,0.643556921,3,
-,-,-,-,+,+,-,+,-,+,+,s8,0.374116672,0.63897628,5,
-,-,-,-,-,-,+,-,+,+,+,s3,0.248605471,0.637254559,4,
-,-,-,+,-,+,+,-,+,-,-,s9,0.295829985,0.634221291,4,
-,-,+,+,-,-,-,-,+,-,-,s9,0.345519601,0.628842812,3,
-,-,+,-,-,-,-,+,-,-,+,s9,0.438672435,0.627272528,3,
-,-,-,-,-,-,-,+,+,-,-,s9,0.256863647,0.624975567,2,
-,-,-,-,-,+,-,+,-,+,-,s8,0.433978248,0.622239811,3,
-,+,-,-,-,-,-,-,+,-,-,s9,0.381630304,0.619973342,2,
-,-,-,+,-,-,+,-,-,+,+,s8,0.362676453,0.617025842,4,
-,-,-,+,-,-,-,-,+,-,+,s4,0.417291806,0.613024485,3,
-,-,-,-,+,+,+,+,-,+,-,s8,0.53382807,0.609619954,5,
-,-,+,-,-,+,-,-,-,-,+,s4,0.358214851,0.606723674,3,
-,-,-,+,+,-,-,-,-,+,-,s8,0.299879959,0.603765061,3,
-,-,-,+,-,-,+,-,-,+,+,s4,0.448064729,0.603267457,4,
-,-,-,-,+,+,-,+,-,+,-,s8,0.475511903,0.602212975,4,
-,-,-,-,-,+,+,-,-,+,+,s8,0.421495771,0.60073223,4,
-,-,-,+,-,-,-,-,-,+,+,s8,0.383116458,0.59818651,3,
-,-,-,-,-,-,+,+,-,+,-,s8,0.501391148,0.593327362,3,
-,-,+,-,-,+,-,-,-,+,-,s8,0.390253696,0.592360278,3,
-,-,-,+,-,-,-,-,+,-,+,s7,0.431659503,0.59143731,3,
-,-,+,-,-,-,+,-,-,+,-,s8,0.431505982,0.591249918,3,
-,-,-,-,-,+,+,-,+,-,+,s9,0.462375926,0.584529817,4,
-,+,-,-,-,-,-,-,-,+,-,s8,0.481060671,0.583134274,2,
-,-,-,-,+,-,+,-,-,+,+,s8,0.520332435,0.58278006,4,
-,-,-,-,+,-,+,-,+,-,+,s9,0.460397301,0.580914494,4,
-,-,-,+,-,-,-,-,+,-,-,s9,0.370849034,0.572211366,2,
-,-,-,-,+,+,-,-,-,+,+,s8,0.326047951,0.572114695,4,
-,-,-,-,+,-,+,+,-,-,+,s9,0.435102016,0.571400645,4,
-,-,-,-,+,-,-,+,+,-,-,s9,0.51953202,0.56965814,3,
-,-,-,-,+,-,-,-,+,-,+,s9,0.356138777,0.56907894,3,
-,-,-,-,-,-,-,-,-,+,+,s8,0.371888031,0.567082329,2,
-,-,-,-,+,+,+,-,+,-,-,s9,0.547438513,0.565638607,4,
-,-,-,-,+,-,+,-,-,-,+,s5,0.386087885,0.559586657,3,
-,-,-,-,-,+,-,-,-,+,+,s8,0.565100657,0.547352954,3,
-,-,-,+,-,-,+,+,-,+,-,s8,0.446885205,0.541264667,4,
-,-,+,-,-,-,+,-,+,-,-,s7,0.430786,0.538642554,3,
-,-,-,-,+,+,+,-,-,+,-,s8,0.473649152,0.537733125,4,
-,-,+,-,-,-,-,-,-,+,-,s8,0.429054589,0.536808351,2,
-,-,-,+,+,-,+,-,-,+,-,s8,0.44604467,0.534712551,4,
-,-,-,-,+,+,-,-,-,+,+,s7,0.653325264,0.533944842,4,
-,-,-,+,-,-,+,-,+,-,-,s9,0.350293463,0.52588914,3,
-,-,-,-,-,+,-,-,+,+,+,s4,0.589195655,0.518435463,4,
-,-,-,-,+,-,+,-,-,+,-,s2,0.465820437,0.517390098,3,
-,-,-,+,+,-,-,-,-,+,+,s8,0.457048598,0.517372025,4,
-,-,-,-,+,-,-,+,+,-,+,s9,0.64463332,0.517240368,4,
-,-,-,-,-,-,+,-,-,-,+,s2,0.54563505,0.514379302,2,
-,-,+,-,-,-,+,-,+,-,-,s9,0.42240753,0.512736657,3,
-,-,-,-,+,-,-,-,-,+,+,s8,0.420905153,0.510757937,3,
-,-,-,-,-,+,-,+,+,-,-,s9,0.498817929,0.51026266,3,
-,-,-,-,-,+,+,-,-,+,-,s8,0.613676522,0.508443565,3,
-,-,-,-,-,+,+,+,-,+,-,s8,0.375459868,0.50726953,4,
-,-,-,-,-,-,+,-,+,-,+,s9,0.535402777,0.503888889,3,
-,-,-,+,-,-,-,-,-,-,+,s4,0.613304112,0.50283623,2,
-,-,-,-,-,-,+,+,+,-,+,s4,0.569618662,0.498472742,4,
-,-,-,-,-,-,+,-,+,-,-,s9,0.429801931,0.494379515,2,
-,-,-,-,-,-,-,-,+,-,+,s4,0.581680575,0.493777581,2,
-,-,-,-,-,-,+,-,-,+,+,s4,0.486624914,0.488155069,3,
-,-,-,+,+,+,-,-,-,-,-,s6,0.550666288,0.487114914,3,
-,+,-,-,-,-,-,-,-,+,-,s7,0.535412988,0.486139478,2,
-,-,-,-,-,+,-,-,+,+,-,s7,0.447549584,0.48587904,3,
-,-,-,-,+,+,+,+,+,-,-,s9,0.494859002,0.48155937,5,
-,-,-,-,+,-,-,-,-,+,-,s8,0.341530992,0.481351019,2,
-,-,-,+,+,+,-,-,-,+,-,s8,0.440591343,0.480849458,4,
-,-,-,+,-,-,-,-,-,-,+,s1,0.455347028,0.474692049,2,
-,-,+,-,-,+,-,-,+,-,-,s9,0.428450854,0.474620505,3,
-,-,+,+,-,-,-,-,-,-,-,s5,0.500909175,0.474033529,2,
-,-,-,+,-,-,-,-,+,+,+,s7,0.655692514,0.471783872,4,
-,-,-,-,+,-,+,+,-,+,-,s8,0.561865173,0.465801383,4,
-,-,-,+,+,-,-,+,-,-,+,s5,0.514393232,0.465466307,4,
-,-,-,+,-,+,-,+,+,-,-,s9,0.434733967,0.465258703,4,
-,-,-,-,-,+,-,+,+,-,+,s3,0.626117241,0.464902699,4,
-,-,-,+,-,-,-,+,+,-,-,s9,0.511880248,0.463727007,3,
-,-,-,+,-,-,-,-,+,-,+,s9,0.633451837,0.46292736,3,
-,-,-,+,+,-,-,-,+,-,+,s7,0.617267196,0.462178231,4,
-,-,-,-,-,+,-,-,-,+,-,s8,0.537112311,0.459413647,2,
-,-,-,+,-,+,-,-,-,+,-,s8,0.766956305,0.459094672,3,
-,-,-,-,+,-,+,+,+,-,+,s9,0.585530926,0.4574395,5,
-,-,-,+,-,-,-,+,+,-,+,s4,0.58213309,0.456945596,4,
-,-,-,+,-,+,-,-,+,-,+,s9,0.302609682,0.456588502,4,
-,-,-,-,-,-,+,-,+,+,-,s5,0.45909078,0.451374171,3,
-,-,-,-,+,+,+,-,-,+,+,s7,0.556726353,0.4476372,5,
-,-,-,-,-,+,-,+,-,-,+,s9,0.551414083,0.445788644,3,
-,-,-,+,-,-,+,-,+,-,+,s5,0.607181114,0.445150551,4,
-,-,-,-,+,-,-,+,-,+,-,s3,0.666641909,0.444809877,3,
-,-,-,-,-,+,+,+,-,-,+,s8,0.715571876,0.44466491,4,
-,-,-,-,-,-,-,-,+,-,+,s2,0.422513488,0.444273991,2,
-,-,-,-,+,+,-,+,+,-,+,s9,0.543592953,0.444237726,5,
-,-,-,+,+,-,+,-,-,+,-,s5,0.583821495,0.443179852,4,
-,-,-,+,+,-,-,+,-,+,-,s8,0.479793617,0.442308517,4,
-,-,-,-,-,+,-,+,-,+,+,s4,0.598382305,0.441787194,4,
-,+,-,-,-,+,-,-,-,-,-,s2,0.400700885,0.44110564,2,
-,-,-,-,-,-,-,-,-,+,+,s2,0.51724968,0.435638874,2,
-,-,-,-,+,-,+,+,-,+,+,s8,0.626313587,0.435099183,5,
-,-,-,+,-,-,-,-,-,+,-,s8,0.651985204,0.433112122,2,
-,-,-,-,+,-,+,-,+,-,+,s3,0.630028702,0.430724075,4,
-,-,-,-,+,-,-,+,-,-,+,s9,0.557084068,0.430444588,3,
-,-,+,+,-,-,-,-,-,+,-,s8,0.75228257,0.429911843,3,
-,-,-,+,-,-,-,+,-,+,-,s8,0.432388706,0.428679685,3,
-,-,-,-,+,-,-,+,-,+,+,s8,0.435167908,0.427941128,4,
-,-,+,-,-,+,-,-,+,-,-,s7,0.498489471,0.427362031,3,
-,-,-,+,-,-,-,-,+,+,+,s4,0.617534728,0.427329231,4,
-,-,-,-,-,-,+,-,-,-,+,s0,0.542080942,0.426499864,2,
-,-,+,-,-,+,-,+,-,-,-,s6,0.603382599,0.426066055,3,
-,-,-,-,+,-,+,-,+,+,-,s3,0.421188409,0.425705815,4,
-,-,+,+,-,-,-,-,-,+,-,s4,0.654502337,0.423735941,3,
-,-,-,+,+,-,+,-,-,-,+,s7,0.610583399,0.422087099,4,
-,-,-,+,-,-,-,+,-,+,+,s5,0.628019405,0.42189815,4,
-,-,-,-,-,+,+,+,+,-,-,s9,0.433300351,0.421458198,4,
-,-,-,+,-,+,-,+,-,+,-,s8,0.497236888,0.421162777,4,
-,-,-,+,-,-,-,+,+,+,-,s5,0.632333905,0.418992165,4,
-,-,-,-,+,-,-,-,+,+,-,s7,0.452947814,0.417889587,3,
-,-,-,+,-,+,-,-,-,+,+,s4,0.600572361,0.41779599,4,
-,-,+,-,-,-,-,-,+,-,-,s9,0.701172624,0.4171669,2,
-,-,-,-,-,-,-,-,-,-,+,s4,0.598272433,0.414289233,1,
-,-,-,-,+,+,-,-,+,-,+,s9,0.535689655,0.413954972,4,
-,-,-,-,-,+,+,-,+,-,-,s9,0.529878585,0.413282494,3,
-,-,-,-,-,-,-,-,+,+,+,s2,0.5358478,0.412258868,3,
-,+,-,-,-,-,-,-,-,-,-,s0,0.657094291,0.412079877,1,
-,-,-,-,-,-,-,-,-,+,-,s8,0.563628314,0.412056241,1,
-,-,-,-,+,+,+,-,+,-,+,s9,0.472522497,0.411458552,5,
-,-,-,-,-,-,-,-,-,+,+,s4,0.546119191,0.411085106,2,
-,-,-,-,-,+,+,-,+,-,+,s4,0.593236778,0.410628632,4,
+,-,-,-,-,-,-,-,-,-,-,s1,0.471982667,0.410125497,1,
-,-,-,-,-,-,-,+,-,-,+,s9,0.593974019,0.408521916,2,
-,-,-,-,+,+,-,-,+,-,-,s6,0.476504301,0.407877953,3,
-,-,-,+,+,-,+,-,-,-,+,s9,0.710007469,0.406498204,4,
-,-,+,-,-,-,-,-,-,-,+,s8,0.627470377,0.405619901,2,
-,-,-,+,-,-,-,+,-,+,-,s4,0.668962331,0.402046367,3,
-,-,-,+,-,-,+,+,-,+,-,s5,0.584004187,0.400882375,4,
-,-,-,+,+,-,-,+,+,-,-,s9,0.554697907,0.399250474,4,
-,-,-,-,-,-,-,+,-,+,+,s5,0.651814338,0.398615848,3,
-,-,+,-,+,-,+,-,-,-,-,s3,0.483328227,0.397612349,3,
-,-,-,-,+,-,+,-,+,-,-,s9,0.564643989,0.397277525,3,
-,-,-,-,-,+,+,+,-,-,+,s3,0.535822513,0.397084204,4,
-,-,-,+,-,+,-,-,+,+,-,s7,0.73703552,0.393786516,4,
-,-,-,+,-,+,-,-,+,-,+,s6,0.723537817,0.393110792,4,
-,-,-,+,-,-,+,-,+,-,+,s4,0.549513853,0.392444562,4,
-,-,-,+,+,+,-,-,+,-,-,s6,0.554058097,0.391873584,4,
-,-,-,-,+,+,+,+,-,-,+,s8,0.675853097,0.390417237,5,
-,-,-,-,+,-,+,-,+,-,+,s7,0.763671362,0.388986841,4,
-,-,-,+,-,-,-,+,-,+,+,s8,0.667800717,0.388402607,4,
-,-,-,-,-,-,-,+,-,-,+,s4,0.713624761,0.388012066,2,
-,-,-,-,+,+,-,+,-,-,+,s8,0.71677018,0.387801105,4,
-,-,-,-,-,+,+,-,+,-,-,s7,0.551184298,0.387364313,3,
-,-,-,-,+,+,-,-,+,+,-,s3,0.653828378,0.387238627,4,
-,-,-,-,-,-,+,-,-,+,+,s2,0.595184209,0.383363695,3,
-,-,-,+,-,-,-,+,+,-,-,s5,0.712205877,0.378593351,3,
-,-,-,-,+,-,-,-,-,+,+,s3,0.606844469,0.377648498,3,
-,-,-,+,-,-,-,+,+,-,+,s5,0.461095321,0.376202291,4,
-,-,-,-,-,+,-,-,-,+,+,s4,0.528953907,0.375134788,3,
-,-,-,+,-,-,+,-,+,+,-,s5,0.650221205,0.373902412,4,
-,-,-,-,+,-,-,+,-,+,+,s6,0.699991582,0.373338507,4,
-,-,-,-,-,-,-,+,-,-,+,s3,0.525108915,0.371718134,2,
+,-,-,-,-,-,-,-,-,-,-,s9,0.632071707,0.370584318,1,
-,-,-,-,-,-,+,-,-,+,-,s8,0.335886985,0.369830832,2,
-,-,-,+,-,-,+,-,-,-,+,s5,0.619051294,0.368798705,3,
-,-,+,-,-,+,+,-,-,-,-,s4,0.596608837,0.368586542,3,
-,-,-,+,+,-,+,-,-,-,+,s5,0.620228771,0.367598118,4,
-,-,+,-,+,-,+,-,-,-,-,s5,0.758422625,0.366620828,3,
-,-,-,-,+,+,-,-,+,-,-,s9,0.476540095,0.365864514,3,
-,-,-,+,+,-,+,-,-,+,-,s7,0.932808027,0.365395499,4,
-,-,-,-,+,+,-,-,-,-,+,s7,0.68620228,0.364411011,3,
-,-,-,-,-,-,-,-,+,+,+,s7,0.639817065,0.362119914,3,
-,-,-,-,-,-,+,-,+,-,+,s4,0.62380293,0.361369237,3,
-,-,-,+,-,-,+,+,+,-,-,s9,0.79813827,0.360308557,4,
-,-,-,-,+,-,-,+,-,-,-,s3,0.705003278,0.357724578,2,
-,+,-,+,-,-,-,-,-,-,-,s5,0.747774097,0.357610157,2,
-,-,-,-,+,-,-,+,-,-,+,s6,0.6770924,0.35595373,3,
-,-,+,-,-,-,-,-,-,+,+,s8,0.718309335,0.352124018,3,
-,-,-,-,-,+,+,+,-,+,+,s4,0.590407992,0.350286717,5,
-,-,-,-,-,+,+,+,+,-,-,s4,0.51614158,0.349403676,4,
-,-,-,-,-,+,-,+,-,-,-,s8,0.616624704,0.348865015,2,
-,-,+,-,+,-,-,+,-,-,-,s8,0.687506819,0.348749541,3,
-,-,-,-,+,+,-,+,+,-,-,s3,0.843747727,0.347640349,4,
-,-,+,-,+,-,-,-,+,-,-,s9,0.638279803,0.347431138,3,
-,-,-,-,-,-,-,-,-,+,-,s0,0.709790583,0.34604627,1,
-,+,-,-,-,-,-,-,-,-,-,s3,0.683229801,0.344713259,1,
-,-,+,-,-,-,-,+,+,-,-,s9,0.700273084,0.344465362,3,
-,-,-,-,+,-,+,-,+,-,+,s5,0.604624135,0.342075484,4,
-,-,+,-,-,-,-,+,-,-,-,s5,0.518338716,0.341366945,2,
-,-,-,-,-,-,-,-,-,-,+,s9,0.529018274,0.341091307,1,
-,-,+,-,-,-,+,+,-,-,-,s5,0.580654734,0.341012617,3,
-,-,-,-,-,+,-,-,+,-,+,s2,0.796267917,0.339146712,3,
-,-,-,+,+,-,-,-,+,-,+,s5,0.479875587,0.338310501,4,
-,-,-,+,-,-,+,-,-,+,-,s5,0.457953161,0.338079583,3,
-,-,-,-,+,-,-,-,+,-,-,s3,0.741364383,0.338039534,2,
-,-,+,+,-,-,-,-,-,-,+,s9,0.599564673,0.336121331,3,
-,-,-,+,-,-,-,+,-,-,+,s2,0.640809334,0.336094113,3,
-,-,-,-,-,+,-,+,+,-,+,s4,0.705087693,0.335986895,4,
-,-,-,-,-,+,-,-,+,-,+,s9,0.65622122,0.33595162,3,
-,-,-,-,+,-,+,+,-,-,+,s3,0.559234817,0.335868192,4,
-,-,-,-,-,+,-,+,-,-,+,s3,0.472990131,0.334860534,3,
-,-,-,-,+,-,+,-,-,-,-,s2,0.538816187,0.334395989,2,
-,-,-,+,-,+,-,+,+,-,-,s6,0.744852531,0.334388063,4,
-,-,-,-,-,-,-,-,+,-,+,s9,0.646452495,0.333912014,2,
-,-,-,+,-,-,+,-,-,+,-,s4,0.672177708,0.333258707,3,
-,-,-,-,+,+,-,+,-,-,+,s6,0.770094491,0.3332232,4,
-,-,-,+,-,-,-,+,-,+,+,s4,0.685879153,0.332690467,4,
-,-,-,+,-,-,-,-,+,+,+,s6,0.650202801,0.332036217,4,
-,-,-,-,-,-,+,+,+,+,+,s5,0.842091029,0.331506524,5,
-,-,-,-,-,-,-,+,+,-,+,s9,0.563301399,0.33136625,3,
-,+,-,-,-,+,-,-,-,-,-,s6,0.644337661,0.330608357,2,
-,-,-,+,+,-,+,+,-,-,-,s5,0.537411819,0.329022233,4,
-,-,-,+,-,+,+,-,-,-,+,s4,0.812946151,0.328260166,4,
-,-,-,+,-,-,-,-,+,+,-,s7,0.552926103,0.328237745,3,
-,-,-,-,-,-,-,-,-,-,+,s0,0.636389429,0.326725226,1,
-,-,+,-,-,+,-,-,-,-,+,s3,0.590497979,0.324982307,3,
-,-,-,+,-,-,+,+,-,-,+,s5,0.706622755,0.324453442,4,
-,-,+,-,+,-,-,-,-,+,-,s7,0.930920604,0.324197325,3,
-,-,-,-,+,-,-,+,+,+,+,s5,0.621418655,0.32380045,5,
-,-,-,-,+,-,+,-,+,-,-,s2,0.810028889,0.323218081,3,
-,-,-,-,-,+,+,-,+,+,+,s7,0.682640865,0.32270959,5,
-,-,-,+,-,-,-,+,-,-,+,s5,0.776336199,0.322639013,3,
-,-,-,+,-,-,-,-,-,-,+,s6,0.75812171,0.322530515,2,
-,-,-,-,-,-,-,+,-,-,-,s8,0.911792665,0.322321127,1,
-,-,+,-,-,-,-,+,-,+,-,s5,0.722204725,0.321193428,3,
-,-,-,-,-,+,+,-,-,-,+,s2,0.683752455,0.32024052,3,
-,-,-,+,-,-,-,+,-,+,+,s6,0.499934198,0.319788524,4,
-,-,-,-,+,-,+,+,-,-,-,s2,0.795356772,0.319661943,3,
-,-,-,+,+,+,-,-,-,-,+,s9,0.683441685,0.319430201,4,
-,-,-,-,-,+,-,-,-,+,+,s6,0.775063332,0.318934696,3,
-,-,-,+,-,-,+,-,-,-,+,s2,0.751103359,0.318530054,3,
-,-,-,-,+,+,-,-,+,-,+,s6,0.705742315,0.318158155,4,
-,-,-,-,+,-,+,+,-,-,+,s8,0.881216285,0.31611297,4,
-,-,-,-,+,-,+,-,-,+,-,s7,0.992547497,0.315123575,3,
-,-,-,+,-,+,-,-,-,+,+,s7,0.769451041,0.315069992,4,
-,-,-,+,-,-,-,+,-,-,+,s9,0.767841054,0.314205794,3,
-,-,+,-,+,+,-,-,-,-,-,s6,0.72691049,0.312553539,3,
-,-,-,+,-,+,-,-,-,-,+,s6,0.759019208,0.311729409,3,
-,-,-,-,-,-,+,-,+,+,+,s4,0.687494562,0.310795643,4,
-,-,-,-,+,+,+,-,+,-,+,s7,0.818903386,0.310593654,5,
-,-,-,-,-,-,+,+,-,-,+,s5,0.664703985,0.309627649,3,
-,-,-,-,+,+,+,-,-,-,+,s8,0.865529353,0.308857444,4,
-,-,+,-,-,-,-,-,-,+,-,s7,0.729946871,0.308314455,2,
-,-,-,-,-,+,+,-,-,-,+,s7,0.603101399,0.308155721,3,
-,+,-,-,-,-,+,-,-,-,-,s2,0.840153641,0.307948456,2,
-,+,-,-,-,-,-,-,-,-,+,s0,0.623787076,0.307635073,2,
-,-,-,+,-,+,-,-,+,-,-,s7,0.611569801,0.30618258,3,
-,-,-,+,+,+,-,-,-,-,+,s6,0.77310474,0.305779603,4,
-,-,-,-,+,-,-,-,-,-,+,s9,0.60899716,0.304928643,2,
-,-,-,-,-,+,-,-,-,-,+,s8,0.529644111,0.304927599,2,
-,-,-,-,-,+,+,+,+,-,+,s4,0.788052612,0.302230019,5,
-,-,+,-,-,-,-,+,-,-,-,s9,0.839463866,0.302215587,2,
-,-,-,-,+,-,+,-,-,+,-,s5,0.605807445,0.301409305,3,
-,-,-,+,+,+,-,-,-,-,+,s7,0.588673009,0.300310748,4,
-,-,-,-,-,-,-,+,+,+,+,s4,0.768738785,0.299544288,4,
-,-,-,+,-,-,+,-,+,-,+,s9,0.562403237,0.299509298,4,
-,-,-,-,+,+,-,-,-,-,+,s9,0.52344423,0.297145199,3,
-,-,-,-,-,-,-,-,-,+,+,s0,0.763081075,0.296947963,2,
-,-,-,+,+,-,+,-,-,-,+,s8,0.867310081,0.296534692,4,
-,-,-,-,+,-,+,-,-,-,+,s3,0.615571062,0.296320441,3,
-,-,+,+,-,-,-,-,-,-,+,s4,0.662018646,0.292593355,3,
-,-,-,+,-,-,+,-,-,+,+,s5,0.771218498,0.291380731,4,
-,-,+,+,-,-,-,-,-,+,-,s5,0.899783667,0.291311751,3,
-,-,-,-,-,-,+,-,+,+,+,s7,0.665590939,0.290867688,4,
-,-,-,-,-,-,+,+,-,-,+,s4,0.843584954,0.2907907,3,
-,-,+,-,-,+,-,-,-,-,-,s6,0.807993086,0.289998592,2,
-,+,-,-,-,-,-,-,-,+,-,s3,0.681935441,0.288440522,2,
-,-,-,-,-,-,-,+,-,+,-,s8,0.519408737,0.288145331,2,
-,-,-,-,-,-,+,-,+,-,+,s2,0.539582858,0.287788282,3,
-,-,-,+,+,-,+,-,-,-,-,s8,0.752180255,0.287486723,3,
-,-,+,-,-,+,-,-,-,+,-,s6,0.749751361,0.287300172,3,
-,-,+,-,-,+,+,-,-,-,-,s3,0.61954552,0.287237216,3,
-,-,-,-,-,+,+,-,+,-,+,s3,0.741344408,0.286592661,4,
-,-,-,-,+,+,-,-,+,+,+,s7,0.670001655,0.286168434,5,
-,-,-,-,-,-,+,-,+,+,-,s7,0.886322705,0.285991624,3,
-,-,-,-,-,+,-,+,-,+,+,s6,0.758545711,0.285838316,4,
-,-,-,-,-,+,-,-,-,-,+,s6,0.982111576,0.285086124,2,
-,-,-,-,+,-,+,+,+,-,-,s9,0.709004262,0.284977272,4,
-,-,-,-,-,-,-,+,-,-,-,s0,0.699397984,0.284496501,1,
-,-,-,+,+,-,-,+,-,-,+,s8,0.46664896,0.284316578,4,
-,-,-,-,+,-,+,-,-,-,-,s5,0.720368888,0.282972172,2,
-,+,-,-,-,-,-,-,-,-,+,s4,0.806910558,0.281473045,2,
-,-,-,-,-,-,+,-,-,-,+,s9,0.721896564,0.281136913,2,
-,-,+,-,+,-,-,+,-,-,-,s9,0.712023996,0.278868474,3,
-,-,-,-,-,+,-,+,-,-,+,s4,0.753641181,0.278703795,3,
-,-,-,+,+,+,-,-,-,-,-,s9,0.7707504,0.27849064,3,
+,-,-,-,-,-,-,-,-,-,+,s1,0.783345716,0.278048626,2,
-,-,-,+,+,-,-,+,-,-,+,s6,1.02975166,0.277826999,4,
-,-,-,+,+,-,-,-,-,+,+,s6,0.896554529,0.277542861,4,
-,-,-,-,-,+,-,-,+,-,-,s3,0.655042769,0.276543065,2,
-,-,-,-,+,+,-,+,-,-,+,s9,0.622606814,0.276171645,4,
-,-,-,-,+,-,-,+,-,-,+,s5,0.812366683,0.275779725,3,
-,-,-,-,-,+,-,-,+,+,+,s7,0.680789638,0.275613052,4,
-,-,-,+,-,-,+,+,-,-,+,s4,0.747607655,0.275257732,4,
-,-,-,+,-,-,+,-,-,+,-,s8,0.537388942,0.275071298,3,
-,-,-,-,+,-,-,-,-,-,+,s0,0.738734446,0.274374515,2,
-,-,-,+,-,-,+,-,+,-,-,s5,0.72189904,0.274252814,3,
-,-,-,+,-,-,+,-,-,-,+,s9,0.836431603,0.274242052,3,
-,-,-,-,-,-,+,+,-,+,+,s8,0.622473005,0.272085695,4,
-,-,-,-,+,-,-,-,-,-,-,s3,0.70428302,0.272000046,1,
-,-,-,-,+,-,-,+,-,-,-,s1,0.748440707,0.271752915,2,
-,+,-,-,-,-,-,+,-,-,-,s6,0.927672853,0.27155319,2,
-,-,-,-,-,-,+,+,-,+,-,s5,0.957152232,0.271284767,3,
-,-,+,-,+,-,-,-,-,-,+,s9,0.585418166,0.270843488,3,
-,-,-,-,-,+,+,-,-,+,+,s7,0.989932917,0.270410215,4,
-,-,-,-,-,-,+,+,-,-,+,s9,0.73609619,0.269448471,3,
-,-,-,+,-,-,-,-,-,-,-,s1,0.757542594,0.26877775,1,
-,-,+,-,-,-,+,-,-,+,-,s5,0.778044013,0.26870959,3,
-,-,-,-,-,-,+,-,-,+,-,s2,0.578612589,0.267813686,2,
-,-,-,-,-,-,+,-,-,-,-,s5,0.738275487,0.267690105,1,
-,-,-,-,+,-,-,+,+,-,-,s6,0.88765301,0.267523431,3,
-,-,-,-,-,+,+,+,-,-,+,s9,0.758895887,0.26644734,4,
-,-,-,-,-,+,+,+,-,+,-,s4,0.675713904,0.266286435,4,
-,-,-,-,-,-,-,+,+,-,+,s3,0.783914821,0.265802164,3,
-,-,-,-,-,+,-,-,-,+,+,s3,0.667250439,0.265320948,3,
-,-,-,-,-,-,-,+,-,+,-,s5,0.707630542,0.264663018,2,
-,-,-,+,-,+,-,+,-,+,-,s4,0.681353301,0.263987528,4,
-,-,+,-,-,+,-,-,-,-,+,s8,0.789544722,0.263821049,3,
-,-,-,-,+,-,+,+,-,-,+,s5,0.470062864,0.263294735,4,
-,-,-,-,-,-,-,+,-,+,+,s8,0.600047445,0.26261188,3,
-,-,+,-,-,-,+,-,+,-,-,s5,0.830189181,0.262510925,3,
-,-,-,+,-,-,+,-,-,-,-,s5,0.663284497,0.262249348,2,
-,-,-,+,+,-,+,-,+,-,-,s5,0.822591646,0.261416746,4,
-,-,-,-,-,+,+,-,-,+,+,s3,0.965569768,0.261406014,4,
-,-,-,-,-,-,-,-,+,-,+,s1,0.918820295,0.260919618,2,
-,-,-,-,-,+,-,+,-,+,+,s3,0.645373783,0.260485612,4,
-,-,-,+,-,-,+,-,-,-,-,s8,0.758028775,0.260187438,2,
-,-,+,+,-,-,-,-,+,-,-,s7,0.662166652,0.260008614,3,
-,-,-,-,-,+,+,-,-,+,-,s7,0.783157994,0.258746456,3,
-,-,+,+,-,+,-,-,-,-,-,s4,0.922616479,0.258490139,3,
-,-,-,-,+,-,+,-,-,-,+,s8,1.041038223,0.25835149,3,
-,-,+,-,-,-,-,-,-,-,-,s6,0.905072904,0.258125066,1,
-,-,-,-,-,-,-,-,-,+,+,s1,0.793390346,0.257860798,2,
-,-,-,+,+,-,-,+,-,-,-,s5,0.857811615,0.257680449,3,
-,-,-,-,+,-,-,-,+,-,+,s6,0.541665978,0.257533775,3,
-,-,-,+,-,-,+,-,+,-,-,s7,0.859394258,0.25750647,3,
-,-,-,-,-,-,-,-,+,-,-,s7,0.592317114,0.257344135,1,
-,-,+,-,-,-,-,+,-,+,-,s6,0.890173659,0.257138667,3,
-,-,-,-,-,-,-,-,-,-,+,s2,0.768836885,0.255068727,1,
-,-,-,-,-,-,-,+,+,-,+,s4,0.678583944,0.25456222,3,
-,-,-,+,-,+,-,-,+,-,+,s7,0.450454613,0.254527163,4,
-,-,+,-,+,-,-,-,-,-,-,s6,0.725995352,0.254173312,2,
-,-,-,-,+,+,-,-,+,+,-,s6,0.673872446,0.253708669,4,
-,-,-,+,-,+,-,-,-,-,-,s6,0.680516664,0.252518682,2,
-,-,-,-,+,+,+,-,+,-,-,s3,0.625700973,0.251361834,4,
-,-,-,-,+,-,-,+,-,-,-,s5,0.774358866,0.250054102,2,
-,-,+,-,-,-,-,+,+,-,-,s6,0.608812889,0.246637078,3,
-,-,-,+,-,+,-,-,-,+,+,s8,0.719098509,0.245807704,4,
-,-,-,+,-,-,+,-,-,-,+,s7,0.965756723,0.245643664,3,
-,-,-,-,-,-,-,+,+,+,+,s3,0.540881727,0.245301799,4,
-,-,-,-,-,-,+,-,+,-,+,s5,0.584746571,0.244067201,3,
-,-,-,-,+,+,-,-,-,-,-,s6,0.776133472,0.242716782,2,
-,-,+,-,+,-,-,-,-,-,+,s3,0.818645167,0.242660925,3,
-,+,-,-,-,-,-,-,+,-,-,s2,0.690594645,0.242525809,2,
-,-,+,-,-,-,+,-,-,-,-,s5,0.681903973,0.241119054,2,
-,-,-,-,+,-,-,-,+,-,+,s7,0.948923271,0.24076686,3,
-,+,-,-,-,-,-,+,-,-,-,s5,0.522729839,0.240075277,2,
-,+,-,-,-,-,+,-,-,-,-,s4,0.806162325,0.237363304,2,
-,-,-,-,-,-,+,+,+,+,+,s4,0.609996884,0.237233939,5,
-,-,-,-,-,+,-,-,+,+,+,s6,0.618573565,0.236478934,4,
+,-,-,-,-,-,-,-,-,-,-,s2,0.874256348,0.235017025,1,
-,-,-,+,-,-,-,-,+,-,+,s2,0.902851784,0.234369732,3,
-,-,-,+,+,+,-,-,-,+,-,s6,0.923723329,0.233904772,4,
-,-,+,-,-,-,-,-,-,+,-,s5,0.861645998,0.233549208,2,
-,-,-,-,+,-,-,-,-,+,+,s6,1.037426929,0.233097242,3,
-,-,-,-,+,-,+,-,-,+,+,s7,0.773755257,0.232309342,4,
-,-,-,-,+,-,+,-,+,-,-,s3,0.768387158,0.232267882,3,
-,-,-,-,+,+,-,+,+,-,-,s9,0.644423562,0.232002976,4,
-,-,-,-,-,-,-,-,-,-,+,s8,0.937968519,0.231971281,1,
-,-,-,+,-,-,-,+,+,-,+,s9,0.349909952,0.230851852,4,
-,-,-,-,-,+,-,-,+,-,-,s4,0.80273297,0.229759039,2,
-,-,-,+,-,-,+,+,-,+,-,s4,0.793366846,0.2297069,4,
-,-,+,-,-,+,-,+,-,-,-,s8,0.789988248,0.228995983,3,
-,-,-,+,-,+,-,-,-,+,-,s6,0.901364609,0.228613117,3,
-,-,-,+,+,-,-,+,-,-,-,s9,0.712303126,0.228560699,3,
-,-,-,-,+,+,-,-,+,-,-,qc,0.940220403,0.228417784,3,
-,-,-,+,-,-,+,+,-,-,+,s9,0.570575628,0.227744362,4,
-,-,-,-,+,-,+,-,-,-,-,s7,0.744896937,0.227390266,2,
-,-,-,-,-,+,-,-,-,-,+,s0,0.864171256,0.226802488,2,
-,-,+,-,-,-,+,-,-,+,-,s7,0.468658355,0.224401163,3,
-,-,-,-,+,-,-,+,-,-,+,s8,0.575422236,0.22376502,3,
-,-,-,-,-,+,-,-,+,-,-,s6,0.947166869,0.223621262,2,
-,-,-,-,+,+,+,+,-,-,-,s3,0.771446753,0.222720039,4,
-,-,-,-,-,-,-,-,+,+,+,s3,0.886693422,0.222301633,3,
-,-,-,+,-,-,-,-,-,+,+,s7,0.470266274,0.221740163,3,
-,-,-,-,+,-,+,+,-,+,+,s5,0.833200293,0.221605139,5,
-,-,+,-,-,-,-,-,+,-,+,s3,0.571330385,0.220985879,3,
-,-,-,-,-,-,+,-,-,+,+,s8,0.584920956,0.220474406,3,
-,-,-,-,+,+,+,+,-,-,+,s9,0.841302757,0.220438026,5,
-,-,-,-,+,-,+,-,+,-,-,s5,0.819202576,0.219796914,3,
-,-,-,-,-,-,-,-,+,+,-,s3,1.02698837,0.219415457,2,
-,+,-,-,-,+,-,-,-,-,-,s9,0.96002254,0.217887292,2,
-,-,-,-,+,+,-,+,-,+,-,qc,0.718325938,0.217156753,4,
-,-,-,-,+,-,-,-,+,+,+,s7,0.70069755,0.216949162,4,
-,-,-,-,+,-,-,+,-,-,-,s2,0.742431282,0.215590846,2,
-,-,-,+,-,-,-,-,+,-,-,s1,0.911053485,0.21459807,2,
-,-,-,-,-,-,-,+,-,-,-,s3,0.945310961,0.21318619,1,
-,-,-,-,+,-,-,-,+,-,-,s2,0.88833566,0.212372786,2,
-,-,-,-,-,-,+,-,-,-,+,s8,0.676814827,0.212114739,2,
-,-,-,+,+,-,-,-,-,-,+,s2,0.690310674,0.211847725,3,
-,-,-,-,-,-,+,+,-,+,+,s5,0.737443835,0.210807269,4,
-,-,-,-,-,-,+,-,-,-,+,s3,0.781072085,0.210250878,2,
-,+,+,-,-,-,-,-,-,-,-,s9,0.620833587,0.210156543,2,
-,-,-,-,+,+,-,-,-,-,-,s8,0.678893488,0.209694954,2,
-,-,-,+,+,-,-,+,-,-,-,s6,0.78438948,0.209585347,3,
-,-,-,-,+,-,+,+,-,-,-,s5,0.816448477,0.209291436,3,
-,-,+,+,-,-,-,-,-,-,-,s1,0.837814758,0.208554832,2,
-,-,-,+,-,-,-,-,-,-,+,s0,0.79784765,0.208423196,2,
-,-,-,-,-,+,-,-,-,-,+,s4,0.886015711,0.208032667,2,
-,-,-,-,-,-,-,-,-,+,-,s3,0.622990108,0.207729311,1,
-,-,+,-,-,+,-,-,+,-,-,s6,0.832947789,0.207705009,3,
-,-,-,-,-,-,+,-,+,-,-,s5,0.649434658,0.206913404,2,
-,-,+,-,+,-,-,-,+,-,-,s3,0.648697729,0.205981273,3,
-,-,-,-,+,+,-,+,-,+,-,s3,0.667645175,0.204491092,4,
-,-,-,+,-,-,-,-,-,-,+,s5,0.745220908,0.204181294,2,
-,-,-,-,-,-,+,+,-,-,-,s5,0.648531934,0.204143024,2,
-,-,+,-,-,+,-,-,-,+,-,s3,0.860332527,0.204095416,3,
-,-,-,-,-,+,-,-,-,-,+,s7,0.581817107,0.203750472,2,
-,-,-,-,+,+,-,-,-,+,-,s3,0.627502009,0.201991424,3,
-,-,-,+,+,-,-,-,-,-,+,s7,1.317089375,0.201688156,3,
-,-,-,+,-,+,+,-,-,-,+,s8,0.728200158,0.201595745,4,
-,-,-,-,-,+,-,+,+,+,+,s6,0.881128257,0.201002215,5,
-,+,-,-,-,-,-,-,-,-,+,s9,0.7818584,0.200638272,2,
-,-,-,-,-,-,-,+,+,-,-,s2,0.738137692,0.200234793,2,
-,-,-,-,+,+,-,-,-,+,-,qc,0.79152295,0.200232954,3,
-,-,-,+,-,-,-,-,-,-,-,s9,0.792163698,0.197703701,1,
-,-,+,-,-,+,-,+,-,-,-,s3,0.994912591,0.197488426,3,
-,-,-,-,+,-,+,+,+,-,-,s5,0.928167808,0.19714277,4,
-,-,-,-,-,-,-,+,-,+,+,s4,0.815238988,0.196440293,3,
-,-,-,-,-,-,-,-,+,+,-,s1,0.91345257,0.195327847,2,
-,-,-,-,+,-,-,-,+,-,+,s3,0.554084351,0.19479712,3,
-,-,+,+,-,-,-,+,-,-,-,s5,0.808734071,0.194617528,3,
-,-,+,-,-,-,-,+,-,-,+,s5,0.874975093,0.194571512,3,
-,-,-,-,-,-,+,-,-,+,+,s5,0.96794104,0.194327459,3,
-,-,-,-,+,-,+,-,+,+,-,s5,0.737372258,0.193691796,4,
-,-,-,-,+,-,-,+,-,+,-,s8,0.8490167,0.192789358,3,
-,-,-,+,-,+,-,-,-,-,+,s9,0.686251867,0.192690921,3,
-,+,+,-,-,-,-,-,-,-,-,s4,0.881478287,0.192121885,2,
-,-,-,-,-,+,-,-,-,+,-,s1,0.82247453,0.191041435,2,
-,-,-,-,-,-,-,-,+,+,-,s7,1.004772294,0.190570398,2,
-,-,+,-,+,+,-,-,-,-,-,s7,0.741100147,0.190495817,3,
-,-,+,-,-,-,-,+,-,-,+,s6,0.820459611,0.190370246,3,
-,-,-,+,-,+,-,+,-,-,-,s8,0.612860391,0.190220312,3,
-,-,-,-,-,+,+,+,+,+,-,s4,0.844554365,0.189630438,5,
-,-,-,-,+,-,-,-,-,-,-,s6,0.595961444,0.189133659,1,
-,-,+,-,-,-,-,-,+,-,+,s7,0.607685547,0.188599317,3,
-,-,-,-,+,-,-,+,+,-,+,s3,0.906819068,0.188286705,4,
-,-,-,-,-,+,-,+,-,-,-,s1,0.864689933,0.188237959,2,
-,-,-,-,+,+,+,-,-,-,+,s9,0.772419905,0.187904734,4,
-,+,-,-,-,-,-,-,+,-,-,s4,1.022620017,0.187835183,2,
+,-,-,-,-,-,-,-,-,-,-,s4,0.603349417,0.187760563,1,
-,-,-,+,+,-,-,-,-,-,-,qc,0.91873863,0.187569699,2,
-,-,-,-,-,-,-,+,-,+,-,s3,0.874744699,0.184986016,2,
-,-,-,-,+,+,-,-,-,+,-,s7,0.72935216,0.184926764,3,
-,-,-,-,+,+,-,+,+,-,+,s6,0.9509105,0.183846132,5,
-,-,-,-,+,-,-,-,-,-,-,s1,0.70795363,0.183274189,1,
-,+,-,-,-,-,-,-,-,-,+,s3,0.809596883,0.181409194,2,
-,-,-,-,-,+,+,-,-,+,-,s2,0.802998967,0.180773974,3,
-,-,+,-,-,-,-,+,-,-,-,s4,0.873498539,0.180669001,2,
-,-,-,-,+,-,+,-,-,+,+,s3,0.717024596,0.180345563,4,
-,-,-,-,-,-,-,+,+,-,+,s2,0.97688399,0.179408148,3,
-,-,-,-,+,-,-,-,+,+,-,s3,1.142305026,0.178721597,3,
-,-,+,+,-,-,+,-,-,-,-,s9,0.794533338,0.178480833,3,
-,-,-,-,-,+,-,-,-,-,-,s2,0.879055217,0.177279508,1,
-,-,-,+,-,-,-,+,-,-,+,s6,0.895506376,0.175814128,3,
-,-,-,+,-,-,-,+,-,-,-,s5,0.895508949,0.175669771,2,
-,-,-,-,+,-,-,-,+,-,-,s1,0.816581851,0.174924709,2,
-,-,-,+,+,+,-,-,+,-,-,s7,0.958186583,0.173021234,4,
-,-,-,+,-,-,-,-,-,-,-,s0,1.066619285,0.172045871,1,
-,-,-,+,-,-,+,+,-,-,-,s5,0.636172758,0.171181588,3,
-,-,-,+,-,-,-,+,-,-,+,s8,0.712200637,0.17092185,3,
-,-,-,+,-,-,+,-,-,-,+,s4,0.82190257,0.170748987,3,
-,-,-,+,-,-,-,-,+,-,-,s7,1.036700158,0.170536607,2,
-,-,-,-,-,-,-,-,-,-,+,s5,1.013966475,0.170124374,1,
-,-,-,-,+,-,-,-,-,-,+,s2,0.664793522,0.169997879,2,
-,-,+,-,+,-,-,+,-,-,-,s5,0.928210966,0.169925044,3,
-,-,+,-,+,-,-,-,-,-,+,s8,0.631960296,0.16924367,3,
-,-,+,-,-,-,-,-,-,-,+,s9,0.660749462,0.169169774,2,
-,-,-,+,-,+,+,-,+,-,-,s7,0.74757668,0.169076198,4,
-,-,-,-,+,+,-,+,-,-,-,s2,0.832522613,0.168802137,3,
-,-,-,-,+,-,+,-,+,-,-,s7,0.956409113,0.167567417,3,
-,-,+,+,-,-,-,-,-,-,+,s8,1.004800142,0.167547934,3,
-,-,-,-,-,-,+,-,+,-,-,s2,0.88467184,0.166597576,2,
-,-,-,-,-,+,-,+,+,-,+,s6,0.792076727,0.164781579,4,
-,-,-,+,-,+,-,-,+,+,-,s6,1.012919447,0.164155641,4,
-,-,-,-,+,+,-,-,+,-,+,s7,0.497125849,0.163829848,4,
-,-,+,-,+,-,-,-,-,+,-,s3,0.815520836,0.163639708,3,
-,-,-,-,-,+,-,+,+,+,-,s3,0.815933774,0.163216218,4,
-,-,+,-,-,-,+,-,-,-,+,s8,0.710550197,0.16275586,3,
-,-,-,-,+,-,+,+,-,+,-,s3,0.761128082,0.162598733,4,
-,-,-,-,-,+,-,-,+,-,+,s7,0.497017759,0.162298566,3,
-,-,-,+,+,-,-,-,-,-,-,s1,0.762388011,0.161012301,2,
-,-,-,-,-,+,-,+,-,+,-,s2,0.673382885,0.160955415,3,
-,-,-,+,-,+,-,-,-,-,-,s1,0.79243907,0.160523183,2,
-,-,+,-,-,-,-,-,+,+,-,s4,0.7303981,0.160370061,3,
-,-,-,-,-,-,+,+,-,+,-,s3,0.806214336,0.158762813,3,
-,-,-,-,+,+,+,+,-,-,-,s9,0.921621081,0.158495366,4,
-,-,+,-,-,-,-,-,-,+,-,s6,0.809778453,0.15814224,2,
-,-,+,+,-,-,-,+,-,-,-,s8,0.554901291,0.157326873,3,
-,-,-,+,-,-,-,+,-,-,-,s1,0.619166661,0.157096989,2,
-,-,-,+,-,+,+,-,-,-,-,s2,0.778560581,0.156436975,3,
-,-,-,-,+,+,-,-,+,-,+,s3,0.682856436,0.155531281,4,
-,-,-,-,-,+,-,+,+,-,+,s9,0.578808045,0.154932349,4,
-,-,+,-,-,-,-,-,+,-,-,s4,0.632493915,0.153373987,2,
-,-,-,-,-,+,-,-,-,-,+,s3,0.803361674,0.15250067,2,
-,-,-,-,-,-,+,-,-,-,+,s1,0.796439172,0.152326865,2,
-,-,+,+,-,-,+,-,-,-,-,s7,0.556741058,0.151998415,3,
-,-,-,-,-,-,+,-,+,-,-,s7,0.537192179,0.151935017,2,
-,-,+,-,-,-,+,-,-,-,-,s7,1.184143179,0.151602259,2,
-,-,-,-,+,+,+,-,+,+,-,s7,0.738590874,0.151546415,5,
-,-,-,+,+,-,-,-,+,+,-,s7,1.317278936,0.150889431,4,
-,+,-,+,-,-,-,-,-,-,-,s4,0.863641747,0.15051186,2,
-,-,+,-,-,-,+,-,-,-,+,s5,0.953065084,0.150347901,3,
-,-,-,+,-,-,-,-,-,+,+,s2,0.977496168,0.149855261,3,
-,+,-,-,+,-,-,-,-,-,-,s3,0.739032076,0.149772627,2,
-,-,-,-,-,-,+,+,+,+,-,s5,0.616765443,0.149556201,4,
-,-,-,-,-,+,-,-,+,-,+,s6,0.888236443,0.149083792,3,
-,-,+,-,+,+,-,-,-,-,-,s3,1.019658664,0.148836981,3,
-,-,+,-,-,-,+,+,-,-,-,s9,1.246034766,0.148513424,3,
-,-,-,+,-,-,-,+,-,-,-,s8,0.648998266,0.148294537,2,
-,-,-,-,-,+,-,-,-,-,-,s0,0.763556972,0.148139593,1,
+,-,-,-,-,-,-,-,-,-,-,s7,0.701442943,0.147801324,1,
-,-,-,-,+,-,+,-,+,+,+,s5,0.869483173,0.146399166,5,
-,-,-,-,+,-,-,+,-,-,-,s6,0.943065214,0.144838437,2,
-,-,-,-,-,+,-,-,+,-,+,s4,0.810132424,0.144051583,3,
-,-,-,-,-,+,-,+,-,-,+,s6,1.0002373,0.143997972,3,
-,-,-,+,+,-,-,+,-,-,-,s2,1.055865806,0.142357428,3,
-,-,+,-,-,-,-,-,-,+,+,s4,0.779732892,0.141944514,3,
-,-,-,-,-,-,-,+,+,+,-,s3,0.921469128,0.141452099,3,
-,-,-,-,+,-,-,-,-,-,+,s3,0.894599586,0.14141464,2,
-,-,-,+,-,-,-,-,+,+,-,s5,0.874595933,0.141379798,3,
-,-,-,+,+,-,-,-,-,-,+,s8,0.880700634,0.14046351,3,
-,-,-,-,+,+,-,-,-,+,+,s3,0.857946602,0.140392001,4,
-,-,-,+,-,-,-,-,-,+,-,s1,1.018227134,0.140178222,2,
-,-,-,+,+,-,-,-,+,+,-,s6,0.992692563,0.139985002,4,
-,-,-,+,-,+,+,-,+,-,-,qc,1.087439898,0.139272195,4,
-,-,-,-,-,-,-,+,-,+,-,s2,1.030413761,0.139085764,2,
-,-,-,-,+,-,-,-,+,-,-,s6,0.912372892,0.137159906,2,
-,-,-,-,-,-,+,-,+,-,+,s7,0.613138029,0.13645976,3,
-,-,-,-,+,-,-,+,+,-,+,s5,0.901005279,0.135738696,4,
-,-,-,-,-,-,-,+,-,+,-,s1,0.849161313,0.134780156,2,
-,-,-,+,-,-,-,-,+,-,-,s4,0.723546528,0.134383547,2,
-,-,-,-,+,-,-,+,+,+,-,s5,0.810763009,0.134189122,4,
-,+,-,-,-,-,-,-,-,-,+,s8,0.570182015,0.134121564,2,
-,-,-,+,-,-,+,-,-,-,-,s9,1.007861967,0.133726872,2,
-,-,-,-,-,+,-,+,-,-,-,s2,1.004942358,0.133644577,2,
-,-,+,-,-,-,-,-,-,+,+,s3,1.159840414,0.133123455,3,
-,-,+,+,-,-,-,-,-,-,+,s5,1.007887441,0.132670224,3,
-,-,-,-,-,+,-,+,+,+,+,s4,0.891154204,0.132524298,5,
-,-,-,+,-,+,+,-,-,+,-,s7,0.874927206,0.131930366,4,
-,-,+,-,-,-,-,-,-,-,+,s3,1.035971577,0.1311787,2,
-,-,-,-,-,-,-,+,-,-,-,s1,1.007525744,0.131018347,1,
-,-,-,-,+,-,-,-,-,-,+,s6,0.632427955,0.129082293,2,
-,-,-,+,-,-,+,-,+,+,-,s4,0.943119874,0.128834428,4,
-,-,-,-,-,-,-,+,-,-,+,s0,0.763031447,0.128094383,2,
-,-,-,-,+,+,-,+,-,-,-,s6,0.812898346,0.127875166,3,
-,-,+,-,-,-,+,+,-,-,-,s4,0.790511027,0.127531165,3,
-,-,-,+,-,-,-,+,-,+,-,s5,0.801936536,0.127369093,3,
-,-,-,-,-,-,+,-,-,-,-,s0,1.158785892,0.127362327,1,
-,-,-,-,-,+,-,-,-,-,-,s7,0.960278327,0.127258311,1,
-,-,-,-,+,-,-,-,-,-,-,s0,0.843492592,0.127203008,1,
-,-,-,-,-,+,-,-,+,-,+,s3,0.804879458,0.127170857,3,
-,-,-,-,-,-,+,-,-,-,-,s4,0.830288417,0.125212961,1,
-,-,-,-,+,-,+,+,-,+,-,s5,0.945965325,0.124406302,4,
-,-,+,-,-,-,+,-,+,-,-,qc,0.99067732,0.124270157,3,
-,-,-,+,-,+,-,-,+,-,-,s2,0.971760808,0.123858401,3,
-,-,-,-,-,+,-,+,-,-,+,s2,0.732560891,0.122888005,3,
-,-,-,+,+,+,-,-,+,-,-,s9,0.949691827,0.122742607,4,
-,-,-,+,-,-,+,-,-,+,-,s7,0.742365345,0.12270506,3,
-,-,+,+,+,-,-,-,-,-,-,s5,0.943888664,0.12268818,3,
-,-,-,-,-,-,+,+,+,-,-,s3,0.982757566,0.122500795,3,
-,-,-,-,+,-,-,-,-,+,-,s7,1.150275035,0.121537626,2,
-,-,+,+,-,-,+,-,-,-,-,s4,0.822971868,0.121104553,3,
-,-,-,+,+,-,+,+,-,-,-,s9,0.839231129,0.120776802,4,
-,-,-,-,-,-,+,+,-,-,-,s9,0.762253087,0.120711727,2,
-,-,-,-,-,-,+,+,-,-,+,s8,0.932977109,0.117306105,3,
-,-,-,+,-,-,-,-,-,-,-,s6,0.94089429,0.116413364,1,
-,-,-,-,+,+,-,-,+,-,-,s3,0.461037487,0.116226853,3,
-,-,-,-,-,+,-,+,-,-,-,s3,0.719693468,0.116066834,2,
-,-,+,-,-,+,-,-,-,-,+,s6,0.827464393,0.114821055,3,
-,-,-,+,-,-,-,-,-,-,+,s8,1.022727197,0.114742658,2,
-,-,-,+,-,-,-,-,-,-,-,s5,0.82732669,0.114617034,1,
-,-,-,-,+,+,-,-,-,-,-,qc,1.024948855,0.114173504,2,
-,-,-,-,+,-,-,+,-,-,-,s8,0.84834257,0.113863283,2,
-,-,-,-,-,-,-,+,-,-,+,s8,0.670903753,0.113526931,2,
-,+,-,-,-,-,+,-,-,-,-,s9,0.803600834,0.113506467,2,
-,+,+,-,-,-,-,-,-,-,-,s5,0.925542047,0.112202564,2,
-,-,+,-,-,-,-,-,-,+,+,s6,1.133280112,0.110575027,3,
-,-,-,-,-,-,+,+,-,-,+,s3,0.840636178,0.110564195,3,
-,+,-,-,-,+,-,-,-,-,-,s4,0.789222188,0.110154065,2,
-,-,-,-,-,+,-,+,+,-,-,s2,0.727592831,0.11002198,3,
-,-,-,-,-,-,+,+,-,+,+,s3,0.820733671,0.109978197,4,
-,-,-,+,-,-,+,+,-,-,-,s2,0.677072922,0.109455571,3,
-,-,-,-,+,-,-,-,-,+,+,s2,0.956877046,0.109350862,3,
-,+,-,-,-,-,-,-,-,+,-,s5,0.96794398,0.108992173,2,
-,-,-,+,+,-,+,-,-,-,-,s9,1.208075328,0.108778951,3,
-,-,-,+,+,-,-,-,+,-,-,s7,0.855252167,0.108432244,3,
-,-,-,-,+,-,-,-,-,-,-,s2,0.8141159,0.107566063,1,
-,-,-,-,-,+,+,-,-,-,-,qc,0.685984275,0.10718469,2,
-,-,-,+,-,-,-,-,+,-,-,s6,0.953823082,0.106545456,2,
-,-,-,+,+,-,-,-,-,-,+,s5,0.969076602,0.105899828,3,
-,-,-,-,+,+,+,-,-,-,-,s2,0.754005566,0.10580433,3,
-,-,+,-,-,-,-,+,-,-,+,s8,0.681781971,0.105271216,3,
-,-,+,+,-,-,-,-,+,-,-,s6,0.863189983,0.105135561,3,
-,-,-,-,-,-,-,-,+,-,-,s1,0.851649434,0.104074386,1,
-,-,-,-,+,+,-,-,-,+,-,s6,0.767246097,0.10391654,3,
-,-,-,+,-,-,-,-,+,-,+,s6,0.910974477,0.103447352,3,
-,-,+,-,-,-,-,-,+,+,-,s6,0.906145956,0.103417659,3,
-,-,-,-,-,-,-,+,+,-,-,s3,1.053397167,0.102408729,2,
-,-,-,-,-,-,-,+,+,-,-,s5,0.821468695,0.102222281,2,
-,-,-,+,-,-,-,+,-,-,-,s2,0.940462954,0.101816462,2,
-,-,+,+,-,-,-,-,-,-,+,s7,1.054612324,0.10018551,3,
-,-,-,-,-,-,+,+,-,+,+,s4,0.865417601,0.09980027,4,
-,-,-,+,-,+,-,-,+,+,-,s4,0.81764529,0.098112979,4,
-,-,+,-,-,+,-,-,-,-,-,s3,1.008666571,0.09712081,2,
-,-,+,-,-,-,-,-,+,-,+,s6,0.612579981,0.096580272,3,
-,-,+,-,-,+,-,-,+,-,-,s3,0.715395103,0.095821843,3,
-,-,+,-,-,-,-,+,-,-,-,s3,0.612203879,0.095692376,2,
-,-,+,+,-,-,-,-,-,+,-,s7,1.100141324,0.09513112,3,
-,-,-,+,-,-,+,+,+,-,-,s5,0.837325773,0.094747951,4,
-,-,-,+,-,-,-,-,-,-,-,s4,0.965389001,0.094476865,1,
-,-,+,-,-,-,-,-,+,+,-,qc,0.72726868,0.094159173,3,
-,-,-,+,-,-,-,-,+,-,-,s5,0.749824161,0.093690026,2,
-,-,-,-,+,-,-,-,-,-,+,s1,0.841148804,0.093576962,2,
-,-,-,-,-,-,-,+,-,+,-,s4,0.87722565,0.093534009,2,
-,-,-,+,-,-,-,-,+,+,-,s4,1.032001634,0.093484366,3,
-,-,-,-,-,-,+,+,-,+,-,s2,0.905390743,0.092657116,3,
-,-,-,-,+,-,-,-,-,-,+,s8,1.006074809,0.0925752,2,
-,-,-,-,-,+,-,-,+,+,-,s2,1.23384644,0.09244977,3,
-,-,-,+,-,+,-,-,-,-,+,s7,1.052482197,0.091637845,3,
-,-,+,+,-,-,-,-,-,-,+,s6,0.95610816,0.090555596,3,
-,-,-,+,-,-,+,-,+,+,-,s7,0.960905899,0.090509312,4,
-,-,-,-,+,-,-,+,-,+,-,s6,1.082444962,0.089998393,3,
-,-,-,-,-,+,-,+,+,-,-,s6,1.090706505,0.089791435,3,
-,-,-,+,+,+,-,+,-,-,-,s8,0.843154659,0.089761054,4,
-,-,-,-,-,-,+,-,+,-,-,qc,1.361398961,0.08873653,2,
-,-,-,-,-,-,-,+,+,-,+,s6,0.738468082,0.088490086,3,
-,-,+,-,-,-,-,-,-,-,-,s5,1.110247316,0.088350643,1,
-,-,+,-,-,-,-,-,-,-,-,s9,0.868084159,0.087326684,1,
-,-,-,-,-,-,+,-,-,+,-,s5,0.904333477,0.086730005,2,
-,-,-,-,+,-,-,+,+,-,-,s3,0.847635698,0.086325732,3,
-,+,-,-,-,-,+,-,-,-,-,qc,0.7463866,0.085587647,2,
-,+,-,-,-,-,-,-,-,-,+,s2,1.163093246,0.08546659,2,
-,-,-,-,+,-,-,-,-,+,-,qc,0.998521333,0.085282318,2,
-,-,-,-,-,-,-,+,+,+,+,s5,1.167409964,0.0848321,4,
-,-,-,+,-,+,-,-,-,-,-,s7,0.988088415,0.084791562,2,
-,-,-,-,-,-,+,-,-,+,-,s7,1.144888895,0.083974841,2,
-,-,-,-,-,-,-,-,+,-,-,s5,0.731893941,0.083925595,1,
-,-,-,+,+,-,-,-,+,-,-,s6,0.931682868,0.083677682,3,
-,-,-,-,-,-,+,-,-,-,+,s4,0.793278675,0.083604475,2,
-,-,-,-,-,+,-,-,-,-,+,s9,1.013948522,0.083360339,2,
-,-,+,-,-,-,+,-,-,-,-,s4,0.98404616,0.08246814,2,
-,-,-,-,+,+,+,-,-,-,-,s7,1.140868584,0.080933253,3,
-,-,-,+,+,-,-,+,-,-,-,qc,1.102743,0.080612486,3,
-,-,+,-,-,-,-,-,-,-,-,s4,0.947038386,0.080504639,1,
-,+,-,-,-,-,-,-,+,-,-,s3,0.969160135,0.080306762,2,
-,-,-,+,+,-,+,-,-,-,-,s5,0.889201667,0.080267159,3,
-,-,-,-,-,+,-,-,+,+,-,s4,0.837293313,0.080216862,3,
-,-,-,-,+,-,-,+,-,+,+,s3,0.909994863,0.079895879,4,
-,-,-,-,+,-,-,+,+,+,-,s6,1.030584317,0.079610781,4,
-,-,-,-,-,+,-,-,-,-,-,s1,0.838112248,0.079354712,1,
-,-,-,-,-,+,+,+,+,+,-,qc,0.784042897,0.079272034,5,
-,-,-,-,-,-,-,-,+,-,-,s6,0.83179393,0.078815876,1,
-,-,-,+,-,-,-,-,-,-,-,s7,0.803646404,0.078101679,1,
-,-,+,-,+,-,-,-,-,+,-,s6,1.170682468,0.076803568,3,
-,-,-,-,-,-,-,+,-,-,-,s4,0.856241724,0.076660346,1,
-,-,-,-,+,-,-,+,-,-,-,s9,0.952589508,0.076213013,2,
-,-,+,-,+,-,-,+,-,-,-,s3,0.654836321,0.075518581,3,
-,-,-,-,+,+,-,-,-,-,+,s3,0.66715538,0.075400579,3,
-,-,+,-,-,-,+,-,-,-,-,s8,0.886543228,0.075210479,2,
-,-,+,-,-,-,+,+,-,-,-,s8,0.947599319,0.075172469,3,
-,+,+,-,-,-,-,-,-,-,-,s6,0.755509382,0.074420638,2,
-,-,+,-,+,-,-,-,-,-,+,s6,0.84522105,0.07436182,3,
-,-,-,-,-,-,-,+,-,-,-,s5,1.077309489,0.074120203,1,
-,-,-,-,-,+,-,+,-,+,-,s6,0.783558062,0.073132945,3,
-,-,-,-,-,-,-,-,+,-,-,s0,1.066013124,0.071490287,1,
-,-,-,-,-,+,-,-,-,-,+,s2,0.895983733,0.070176248,2,
-,-,-,+,-,+,-,+,-,-,+,s4,0.885056333,0.069074385,4,
-,-,+,-,-,-,+,-,-,-,+,s4,0.816390979,0.068350467,3,
-,+,-,-,-,-,-,-,-,-,-,s9,0.860367159,0.06820423,1,
-,-,-,-,-,+,+,-,-,-,-,s4,0.882586719,0.068023312,2,
-,-,-,+,-,-,-,+,-,-,-,s4,0.902263542,0.067661535,2,
-,-,-,-,-,-,-,-,-,+,-,s5,1.039628178,0.066545391,1,
-,-,-,-,-,+,-,-,-,+,+,s2,0.863761242,0.066287993,3,
-,-,-,+,-,-,-,-,+,+,+,s5,1.092945238,0.065880696,4,
-,-,-,-,-,+,+,+,-,-,+,s4,0.690465061,0.06513039,4,
-,+,-,-,-,-,+,-,-,-,-,s5,0.865317553,0.063981349,2,
-,-,-,+,-,+,-,+,-,-,+,s6,0.901608743,0.063333724,4,
-,-,+,-,-,-,+,-,-,-,+,s9,0.631710716,0.06270625,3,
-,-,-,+,+,+,-,-,-,+,-,qc,0.946934141,0.06249285,4,
-,-,-,+,-,-,-,-,+,-,-,s2,0.789205649,0.062274586,2,
-,+,-,-,-,-,-,-,-,-,-,s5,0.96829896,0.062228295,1,
-,-,-,+,+,-,-,+,+,-,-,s5,0.866990963,0.062171211,4,
-,-,-,-,-,+,+,-,-,-,-,s7,0.702943326,0.061408162,2,
-,-,-,-,+,-,+,+,-,-,-,s3,0.77663371,0.06138784,3,
-,-,-,-,+,-,+,-,-,+,+,s5,0.681187625,0.060725923,4,
-,-,-,-,+,-,-,-,-,-,-,s8,0.895573377,0.060720426,1,
-,-,-,-,-,+,+,-,+,-,-,s3,0.884628843,0.060556246,3,
-,-,-,+,+,+,-,-,-,-,-,s8,1.057148345,0.059676372,3,
-,-,-,-,-,+,-,-,+,+,+,s3,1.183072039,0.058933392,4,
-,-,+,-,-,-,-,-,+,+,-,s7,1.118406867,0.058452065,3,
-,-,-,-,+,+,-,-,-,-,-,s3,0.71751077,0.057471172,2,
-,-,-,-,-,-,-,+,-,-,-,s9,0.822967282,0.057089921,1,
-,-,-,+,-,-,+,+,-,-,-,s8,0.792100132,0.056598462,3,
-,-,-,-,-,-,-,+,-,-,+,s6,0.9590124,0.056169928,2,
-,-,-,+,-,-,+,-,-,-,-,s2,0.979878337,0.05597249,2,
-,-,-,-,-,-,+,+,+,+,-,s3,0.934571375,0.055046343,4,
-,-,-,-,+,-,-,-,+,+,+,s6,1.155663405,0.054818958,4,
-,-,-,+,-,+,+,-,-,+,-,s8,0.812809099,0.053802778,4,
+,-,-,-,-,-,-,-,-,-,-,s8,0.75581817,0.051586325,1,
-,-,-,+,+,+,-,-,-,-,+,s8,0.991458341,0.051528465,4,
-,-,-,-,-,-,-,+,-,+,-,s6,0.99718713,0.051481523,2,
-,-,-,-,-,-,-,+,+,+,-,s2,1.201881776,0.051375634,3,
-,-,-,-,+,-,+,+,+,+,-,s5,0.988594678,0.051268,5,
-,-,-,-,-,-,-,+,-,-,-,s2,1.018218383,0.050837043,1,
-,-,+,-,-,-,-,+,-,-,-,s8,0.866005197,0.05050524,2,
-,-,-,-,-,-,+,+,+,-,+,s5,0.888146202,0.050035991,4,
-,-,+,-,+,+,-,-,-,-,-,s8,1.179998018,0.049895804,3,
-,-,-,-,+,-,+,-,-,-,-,s3,1.041957444,0.048940607,2,
-,-,-,-,-,-,+,-,-,+,-,s1,0.768819101,0.047671611,2,
-,-,-,+,-,-,-,+,+,+,-,s4,1.155707038,0.046711198,4,
-,-,+,-,-,-,-,+,+,-,-,s5,0.720156265,0.046294026,3,
-,-,+,-,-,+,-,+,-,-,-,s4,0.944051606,0.045972391,3,
-,-,-,-,-,-,+,-,-,-,+,s5,0.741938301,0.04516099,2,
-,-,-,-,-,-,+,+,-,-,-,s3,1.03234772,0.04496197,2,
-,-,-,-,+,+,-,+,-,+,+,s6,0.764081716,0.044086384,5,
-,-,-,-,+,+,-,+,-,-,-,s8,0.717557956,0.04370875,3,
-,+,-,-,-,-,-,-,-,+,-,s6,0.949332977,0.04337486,2,
-,-,-,-,-,-,+,+,+,-,-,s2,0.989513356,0.043237753,3,
-,-,-,+,-,-,-,-,+,-,+,s5,0.886442713,0.041646503,3,
-,-,-,-,-,-,-,-,-,+,+,s3,1.004414531,0.041148105,2,
-,-,-,+,-,-,+,+,+,-,-,s4,0.940719139,0.041095867,4,
-,-,+,-,-,-,-,-,-,+,-,s4,1.061239538,0.040924223,2,
-,-,+,-,-,-,-,-,+,-,-,s1,0.745358233,0.040037539,2,
-,-,-,-,-,-,-,+,-,-,+,s1,0.869954591,0.03972646,2,
-,-,+,+,-,-,-,+,-,-,-,s4,1.131595881,0.039641947,3,
-,-,-,-,-,-,-,-,+,+,+,s4,0.962403401,0.03929991,3,
-,+,-,-,-,-,+,-,-,-,-,s3,0.924516081,0.038814588,2,
-,-,+,+,-,+,-,-,-,-,-,s9,0.722720556,0.038270325,3,
-,-,-,+,-,-,+,-,-,+,+,s7,0.6477563,0.036562186,4,
-,-,+,-,-,-,-,+,-,+,-,s4,1.14850906,0.036161767,3,
-,-,-,-,-,+,-,-,+,+,-,s3,0.945623043,0.035723081,3,
-,-,-,+,-,-,-,+,-,-,-,s9,0.758315154,0.035248294,2,
-,-,-,+,+,-,+,-,-,-,-,s7,1.240508495,0.034700837,3,
-,-,-,-,-,+,-,+,+,+,-,qc,0.957286181,0.034464403,4,
-,-,-,-,+,-,-,-,-,+,-,s1,0.82626776,0.033883985,2,
-,-,-,-,+,+,+,-,-,-,+,s3,0.953618948,0.033063402,4,
-,-,+,-,+,-,-,-,-,-,-,s3,1.112769597,0.032877275,2,
-,-,-,-,-,-,+,-,-,+,-,s3,0.851426951,0.032865894,2,
-,-,-,-,-,+,-,-,-,+,-,s6,0.792183116,0.032702359,2,
-,-,-,-,-,-,-,-,-,+,-,s2,1.052384287,0.032023363,1,
-,-,-,+,+,-,-,-,+,-,-,s2,1.225316595,0.031242524,3,
-,-,-,-,+,-,-,+,+,-,-,s2,1.046130914,0.030138473,3,
-,-,-,+,+,-,-,+,-,+,-,s5,1.125189189,0.029647484,4,
-,-,-,+,-,-,-,-,-,-,+,s7,1.181170619,0.029454876,2,
-,-,-,-,-,-,-,-,-,+,-,s1,0.71895,0.029267411,1,
-,-,-,-,-,-,+,-,-,-,-,s2,0.923035156,0.029165864,1,
-,-,+,-,-,-,-,-,-,-,-,s0,0.842516205,0.02908348,1,
-,-,+,+,-,-,-,-,-,-,-,s6,1.021094814,0.028740677,2,
-,-,-,+,-,-,-,-,-,+,-,s6,1.07412996,0.025990311,2,
-,-,-,-,-,-,+,-,+,+,-,s3,0.905151815,0.025060521,3,
-,-,-,-,-,-,+,+,-,-,-,s4,0.8445514,0.024973133,2,
-,-,-,-,-,+,-,+,-,-,-,s9,0.788682812,0.024833873,2,
-,-,-,-,+,-,-,-,+,+,+,s3,1.173400224,0.023339896,4,
-,-,-,+,-,-,-,-,-,+,+,s5,0.871012264,0.022535731,3,
-,-,-,-,+,+,+,+,-,-,-,s8,0.743587709,0.022501571,4,
-,-,-,-,+,-,-,+,+,-,-,s5,0.804171437,0.020927282,3,
-,-,-,-,+,-,+,+,+,-,-,s3,0.761962097,0.019707785,4,
-,-,+,-,-,-,-,-,+,-,-,s5,1.043244477,0.019445341,2,
-,-,-,+,+,-,+,-,-,-,-,qc,1.114771995,0.019047255,3,
-,-,-,+,-,-,-,-,-,-,+,s2,0.985207756,0.018980199,2,
-,-,-,-,-,-,+,+,-,+,-,qc,1.053158327,0.018515875,3,
-,-,+,+,+,-,-,-,-,-,-,s6,0.848282771,0.016276401,3,
-,-,-,-,+,-,-,-,-,-,-,s5,1.12912852,0.014824235,1,
-,-,-,+,-,+,-,+,-,-,-,s6,1.365228228,0.014463316,3,
-,-,-,-,+,-,+,-,+,+,+,s7,0.9887575,0.014235859,5,
-,-,-,+,-,+,-,-,-,-,-,s9,0.910330912,0.014092432,2,
-,-,+,-,-,-,-,-,-,+,-,qc,1.047528509,0.014050392,2,
-,-,+,-,-,-,-,+,-,+,-,s3,1.079629315,0.013928274,3,
-,-,-,-,-,-,+,-,-,+,+,s3,1.238088284,0.0129838,3,
-,-,-,-,+,+,+,+,+,-,-,qc,1.035198588,0.012876394,5,
-,-,-,-,+,-,-,+,-,-,+,s3,1.00732251,0.012772387,3,
-,-,-,+,-,+,-,-,-,-,+,s4,0.695548772,0.012758756,3,
-,+,+,-,-,-,-,-,-,-,-,s3,1.178212622,0.012464566,2,
-,-,-,+,+,-,-,+,-,+,-,s6,0.768141455,0.012220149,4,
-,-,-,+,-,-,+,-,-,-,-,s1,0.797750438,0.011834659,2,
-,+,-,-,-,-,+,-,-,-,-,s7,0.860321815,0.011708439,2,
-,-,-,-,+,+,-,+,-,-,-,s3,1.134619863,0.011493443,3,
-,+,-,-,+,-,-,-,-,-,-,s2,0.833743309,0.011241176,2,
-,-,-,+,-,+,-,-,-,+,+,s6,0.698874163,0.008919108,4,
-,-,-,-,-,-,+,-,+,-,-,s1,0.942266062,0.008746713,2,
-,-,-,-,-,+,-,-,+,+,-,s6,0.853145769,0.007518394,3,
-,-,+,-,-,+,-,-,-,-,-,s9,1.168122195,0.007479847,2,
-,-,-,+,+,-,-,-,-,-,-,s5,1.188474878,0.007472602,2,
-,-,-,-,-,-,+,-,+,+,+,s5,0.890139073,0.007175877,4,
-,-,-,-,-,+,+,-,-,-,+,s9,0.780886667,0.006532126,3,
-,-,-,+,+,-,-,+,-,+,-,qc,1.038495022,0.006519383,4,
-,-,-,-,-,+,+,+,-,-,-,s3,1.141593594,0.006020912,3,
-,-,-,-,-,-,+,+,-,-,-,s8,1.359345648,0.005931974,2,
-,-,-,-,+,-,-,+,+,+,-,qc,0.85232221,0.005310882,4,
-,-,-,-,-,-,+,+,-,-,-,s1,0.852456449,0.003262784,2,
-,-,+,-,-,-,-,+,-,-,-,s1,0.986752942,0.002983632,2,
-,-,-,+,-,-,-,-,-,-,-,qc,1.219051973,0.002727082,1,
-,-,+,-,-,-,-,-,+,-,+,s4,1.00815868,0.002100342,3,
-,-,-,-,+,+,+,-,-,-,-,s3,1.462409422,0.000147213,3,
-,-,-,-,-,+,-,+,-,-,-,s4,1.039481004,-0.001493937,2,
-,-,-,+,+,+,-,+,-,-,-,s6,0.863003475,-0.001581469,4,
-,-,-,+,+,+,+,-,-,-,-,s7,0.780576862,-0.001601158,4,
-,-,-,+,+,-,-,-,-,-,-,s9,0.989875346,-0.001682208,2,
-,-,-,-,-,+,-,-,-,-,-,s6,0.966690584,-0.002162959,1,
-,-,-,-,+,-,-,-,-,-,-,qc,0.863571353,-0.003774294,1,
-,-,+,-,-,-,-,-,+,+,-,s3,0.573930306,-0.004920452,3,
-,-,-,+,-,-,-,+,+,-,-,s4,0.996168569,-0.005075085,3,
-,-,-,+,-,-,+,+,-,-,-,s4,0.847115681,-0.00513648,3,
-,-,-,-,-,-,+,-,+,-,+,s3,0.944634103,-0.005398078,3,
-,+,-,-,-,-,-,-,-,-,-,s7,0.806908384,-0.005581943,1,
-,-,+,-,-,+,-,-,-,+,-,s4,1.292074852,-0.005778447,3,
-,-,-,-,-,-,+,+,-,+,-,s4,0.933142083,-0.006266179,3,
-,+,-,-,-,-,-,-,+,-,-,s5,1.01699739,-0.006293698,2,
-,-,-,+,-,+,-,-,+,-,-,qc,1.039370614,-0.006313736,3,
-,-,-,+,-,+,-,+,-,-,-,s4,1.034463936,-0.006456668,3,
-,-,+,-,-,-,-,+,+,-,-,s3,1.260003265,-0.007283495,3,
-,-,+,+,-,-,-,-,+,-,-,s5,0.979890794,-0.0078243,3,
-,-,+,-,-,+,-,-,-,-,-,s7,1.181836148,-0.008364178,2,
-,-,+,-,-,-,-,-,-,-,-,s7,1.127953631,-0.008418009,1,
-,-,-,+,-,+,-,+,-,+,-,s6,0.921093634,-0.008729532,4,
-,+,-,-,-,-,-,-,-,-,-,s6,0.943987595,-0.009829488,1,
-,-,-,+,-,+,-,+,-,-,+,s8,0.869169876,-0.011807229,4,
-,-,+,-,-,-,-,+,-,-,-,s6,0.921465043,-0.01213966,2,
-,-,-,-,-,-,-,+,+,-,+,s5,0.926578153,-0.012651152,3,
-,-,-,-,-,+,+,-,+,+,-,s3,1.113135413,-0.013450838,4,
-,-,+,-,-,-,+,-,-,-,-,s3,0.90073816,-0.013524538,2,
-,-,+,-,-,-,+,-,-,-,+,s3,0.921479274,-0.014598837,3,
-,-,-,-,-,+,-,+,+,-,-,s3,1.054580324,-0.014839168,3,
-,-,-,-,-,+,+,+,-,-,-,s9,0.685595442,-0.015974645,3,
-,-,-,-,+,-,-,-,-,+,-,s3,1.139645215,-0.016950951,2,
-,-,-,-,+,-,-,-,+,+,-,qc,1.104452072,-0.017084959,3,
-,-,-,+,-,+,-,+,+,-,-,s4,1.109218272,-0.018588206,4,
-,-,-,+,-,-,+,-,-,-,-,s7,0.982390886,-0.018939296,2,
-,-,-,-,+,+,-,+,+,+,-,s6,0.616471914,-0.020256308,5,
-,-,-,-,-,-,+,+,+,-,-,s5,1.126620591,-0.02069242,3,
-,-,-,-,-,-,-,-,+,-,+,s5,1.034001599,-0.021105917,2,
-,-,-,-,-,-,+,-,-,-,-,s1,0.844081063,-0.02115834,1,
-,-,-,-,-,-,+,-,+,-,-,s3,1.169735083,-0.021579295,2,
-,-,-,+,+,-,-,-,-,-,-,s8,0.967828003,-0.021993878,2,
-,-,-,-,-,+,-,-,+,-,-,s7,0.815482367,-0.022463726,2,
-,-,-,+,+,+,-,-,-,-,-,s7,1.194214078,-0.023170776,3,
-,-,-,-,-,-,+,-,-,-,-,s8,0.779963854,-0.023576657,1,
-,-,-,-,+,-,-,-,+,-,+,s2,0.947892469,-0.025249482,3,
-,-,-,-,-,-,-,-,+,-,-,s3,0.594743619,-0.026343757,1,
-,-,+,-,+,-,-,-,-,-,-,s9,0.816705592,-0.026930373,2,
-,-,-,+,+,-,-,-,+,-,-,s5,1.078812691,-0.027454034,3,
-,-,-,-,+,+,-,-,+,+,+,s6,0.577013061,-0.027523967,5,
-,-,-,-,-,+,-,-,-,-,-,s4,0.970931162,-0.027572783,1,
-,-,-,-,-,+,-,-,-,+,-,qc,1.003274206,-0.027798534,2,
-,+,-,-,-,+,-,-,-,-,-,qc,0.789260973,-0.028146681,2,
-,-,+,+,+,-,-,-,-,-,-,s9,0.831535964,-0.028151867,3,
-,-,-,-,+,-,-,+,-,+,-,s2,1.078797421,-0.028722058,3,
-,-,-,-,-,+,-,-,-,-,-,qc,1.044703818,-0.029223413,1,
-,-,-,+,-,+,+,-,-,-,+,s9,1.381151884,-0.029783291,4,
-,+,-,-,-,-,-,+,-,-,-,s3,1.02457374,-0.030152197,2,
-,-,+,-,+,-,-,-,-,-,-,s1,1.067524248,-0.030433786,2,
-,-,+,-,-,+,-,-,-,-,-,qc,1.108360394,-0.030600181,2,
-,-,-,-,+,-,+,-,-,-,+,s9,1.151145139,-0.031244558,3,
-,-,-,-,+,+,-,-,+,+,-,s7,1.208792671,-0.031363976,4,
-,-,-,+,-,-,+,-,-,-,-,s4,0.742108191,-0.032290936,2,
-,-,-,-,+,-,-,-,-,+,-,s6,0.873059017,-0.032737302,2,
-,-,-,-,-,-,+,+,+,-,-,qc,0.843412977,-0.032899261,3,
-,-,-,+,+,-,-,-,-,+,-,s5,1.170176526,-0.033567649,3,
-,-,-,-,-,-,-,+,-,+,+,s6,1.263881982,-0.03368964,3,
-,-,-,-,+,-,+,-,-,+,-,s3,0.726995142,-0.034491013,3,
-,-,-,-,-,-,-,+,-,-,-,s6,1.095055553,-0.035604898,1,
-,-,-,-,-,-,+,-,+,-,-,s4,1.022675936,-0.035708913,2,
-,-,-,-,-,-,-,+,+,-,-,s1,0.959152746,-0.036045153,2,
-,-,-,-,-,+,-,-,-,-,-,s8,0.890956603,-0.037169323,1,
-,-,-,-,-,+,+,-,-,+,+,s4,0.909572476,-0.037986448,4,
-,-,-,+,-,-,-,-,-,-,-,s2,0.856250332,-0.038513958,1,
-,-,-,-,-,+,+,-,+,+,-,s4,1.113363617,-0.038623341,4,
-,-,-,-,-,-,-,+,+,+,+,s6,0.948899568,-0.039181016,4,
-,-,+,+,-,+,-,-,-,-,-,s6,1.011589766,-0.039222417,3,
-,-,-,+,-,-,-,-,-,+,-,s4,1.057353729,-0.039481853,2,
-,-,-,-,-,+,-,+,-,-,-,s6,0.825645353,-0.039984284,2,
-,-,-,-,+,-,-,-,+,+,-,s5,0.933029628,-0.040084641,3,
-,+,-,-,-,-,-,+,-,-,-,s9,0.877412984,-0.040440966,2,
+,-,-,-,-,-,-,-,-,-,-,s6,1.109094627,-0.040880149,1,
-,-,-,-,-,+,-,-,+,-,-,s1,0.986811222,-0.041132068,2,
-,-,-,+,-,-,-,-,+,-,-,qc,0.955934197,-0.041559303,2,
-,+,-,+,-,-,-,-,-,-,-,s7,1.095598119,-0.041771194,2,
-,-,-,-,-,-,-,-,+,-,-,qc,1.117198935,-0.041979359,1,
-,-,-,+,+,-,-,-,-,-,+,s6,0.892641706,-0.042535729,3,
-,-,-,+,-,-,-,+,+,+,-,qc,1.140265065,-0.043051856,4,
-,-,-,-,-,+,-,-,-,+,+,s7,0.727028415,-0.043599679,3,
-,-,-,-,+,-,-,-,+,+,+,s5,0.898329696,-0.045523066,4,
-,-,-,-,-,-,-,-,+,+,-,s2,0.79741682,-0.045886967,2,
-,-,+,+,+,-,-,-,-,-,-,qc,1.163507337,-0.046084094,3,
-,+,-,-,-,-,-,+,-,-,-,qc,0.857217171,-0.047265353,2,
-,-,-,-,+,-,-,-,-,-,-,s9,0.699662632,-0.048602677,1,
-,-,-,-,-,+,-,-,-,-,-,s3,0.912782499,-0.049279641,1,
-,-,-,-,+,-,-,+,-,+,-,qc,1.375395791,-0.049405546,3,
-,-,-,-,-,+,+,-,+,-,+,s7,0.914884868,-0.049504881,4,
-,-,+,-,-,-,+,+,-,-,-,s3,0.955316121,-0.051049028,3,
-,-,-,-,+,+,+,-,+,-,-,s7,0.829354121,-0.051072042,4,
-,-,-,+,-,-,-,-,+,+,-,qc,1.246807652,-0.051620552,3,
-,-,-,+,+,-,-,-,-,-,+,s9,0.950774115,-0.052761583,3,
-,-,-,+,+,-,-,-,+,-,-,s9,0.78881077,-0.053218636,3,
-,-,-,-,-,-,-,+,+,-,-,s4,1.297697679,-0.053316955,2,
-,-,-,-,+,+,-,-,-,-,+,s8,1.004650611,-0.053680047,3,
-,-,-,-,-,+,+,-,-,-,-,s9,1.268099498,-0.054077607,2,
-,-,-,-,-,+,+,-,-,-,+,s3,0.740847719,-0.054202791,3,
-,-,-,-,-,+,+,+,-,+,-,s3,1.251341003,-0.054368602,4,
-,-,-,-,-,-,+,-,-,+,-,qc,1.35037238,-0.054512921,2,
-,-,-,-,-,+,-,+,-,+,-,s4,0.942314675,-0.05486833,3,
-,-,-,-,-,-,-,-,+,-,+,s0,0.842095865,-0.05569552,2,
-,-,+,-,-,+,-,-,-,-,+,s9,0.772010841,-0.055725806,3,
-,+,-,-,-,-,-,-,-,-,-,qc,1.066946555,-0.055873499,1,
-,+,-,-,-,-,-,+,-,-,-,s8,0.799124424,-0.055892559,2,
-,-,-,+,-,-,-,-,-,+,+,s4,0.818816596,-0.057637504,3,
-,+,-,-,-,-,-,-,-,-,-,s2,1.001638392,-0.058272117,1,
-,-,-,+,-,-,-,-,-,+,-,s7,1.288355824,-0.05861714,2,
-,-,-,-,+,+,-,+,-,-,-,qc,1.118841387,-0.058912584,3,
-,-,-,-,-,+,-,+,+,-,-,s4,0.873881519,-0.058942597,3,
-,-,-,-,-,+,-,+,+,+,-,s4,1.326791928,-0.059105237,4,
-,-,-,-,+,+,-,-,-,+,+,s6,0.800884542,-0.059416089,4,
-,-,-,-,-,-,-,+,+,-,-,qc,1.147335307,-0.06131406,2,
-,-,-,-,-,-,+,+,+,-,+,s3,1.448278635,-0.065267532,4,
-,-,-,-,-,-,-,-,-,+,-,qc,1.012850588,-0.065801526,1,
-,+,-,-,-,-,-,+,-,-,-,s4,0.947836656,-0.066126671,2,
-,-,-,-,+,-,-,-,+,-,-,qc,1.370057426,-0.066539512,2,
-,-,-,-,+,-,-,+,-,+,-,s5,1.176041243,-0.067393101,3,
-,-,+,-,-,-,-,-,-,-,+,s4,0.849545276,-0.067988353,2,
-,-,-,-,+,+,+,-,-,+,-,s3,0.821558251,-0.068453603,4,
-,+,-,-,+,-,-,-,-,-,-,s9,1.131114799,-0.068967519,2,
-,-,-,+,-,+,-,-,+,+,-,qc,1.022169899,-0.068984059,4,
-,-,-,+,-,-,-,-,-,+,-,s5,1.082943055,-0.069436994,2,
-,-,-,+,-,-,+,-,+,-,-,s4,1.164949279,-0.069765642,3,
-,-,-,-,+,+,+,-,-,-,-,qc,1.417696714,-0.07053827,3,
-,-,-,-,+,-,-,-,-,-,-,s7,0.952981976,-0.070805959,1,
-,+,-,-,-,-,+,-,-,-,-,s8,0.920611098,-0.071690345,2,
-,-,-,-,-,-,-,-,-,+,-,s4,0.971019406,-0.07169178,1,
-,-,-,+,-,-,+,-,+,-,-,qc,1.08071033,-0.071793649,3,
-,-,-,+,-,-,-,-,-,+,+,s6,1.183003171,-0.072734765,3,
-,-,-,-,-,-,-,-,-,-,+,s7,1.306714708,-0.073702281,1,
-,-,-,-,+,+,-,-,-,-,-,s7,1.271786512,-0.076180513,2,
-,-,-,+,-,-,+,-,-,-,+,s8,0.820430414,-0.076682485,3,
-,+,-,-,-,-,-,-,+,-,-,s6,0.816951234,-0.076809696,2,
-,-,+,-,-,-,-,+,+,-,-,s4,1.085811554,-0.078736629,3,
-,-,+,-,-,-,-,-,-,-,+,s0,0.936266145,-0.078954044,2,
-,-,-,-,-,-,-,-,+,-,+,s3,1.07791625,-0.080003614,2,
-,-,-,-,+,+,-,-,+,-,-,s2,0.993943957,-0.080059483,3,
-,-,-,+,-,+,+,-,+,-,-,s4,0.869304659,-0.080549484,4,
-,-,-,+,-,+,-,-,-,-,+,s2,1.25193705,-0.080783772,3,
-,-,-,-,-,-,-,+,-,-,-,qc,1.010403823,-0.081801102,1,
-,-,-,-,-,+,-,-,-,-,-,s9,0.880183784,-0.082663545,1,
-,-,+,+,-,-,-,-,+,-,-,qc,1.112459909,-0.082701514,3,
-,-,-,-,-,-,-,+,+,+,-,s4,0.77879144,-0.083318247,3,
-,-,-,-,+,-,+,+,-,-,-,s9,1.469738867,-0.084255414,3,
-,-,-,+,-,-,-,+,+,-,+,s6,1.267227445,-0.084491913,4,
-,-,+,-,-,+,-,-,-,-,-,s8,1.034492507,-0.084978301,2,
-,-,+,-,-,+,+,-,-,-,-,s8,1.203235266,-0.085252817,3,
-,-,-,-,-,+,+,-,+,-,-,s4,1.071906895,-0.085567272,3,
-,-,+,-,-,-,-,-,-,-,+,s1,1.202601776,-0.086821755,2,
-,-,-,+,-,+,-,-,+,-,-,s4,1.050740645,-0.087557394,3,
-,-,-,-,-,-,+,+,-,-,-,qc,1.002267196,-0.088292122,2,
-,+,-,+,-,-,-,-,-,-,-,s6,0.64101175,-0.088947799,2,
-,-,-,-,-,-,-,+,-,-,+,s2,1.131158925,-0.089211743,2,
-,-,-,+,-,-,-,-,-,+,-,qc,1.108433243,-0.089426643,2,
-,-,-,-,-,+,-,-,-,+,-,s7,0.768296683,-0.089527355,2,
-,-,-,+,-,+,-,-,+,-,+,s4,0.899761529,-0.08960113,4,
-,-,-,-,+,-,-,-,+,+,-,s6,1.092744301,-0.092191777,3,
-,-,+,+,-,-,+,-,-,-,-,s8,0.927183624,-0.092504173,3,
-,-,-,-,-,-,-,+,-,-,+,s5,0.943171424,-0.093275732,2,
-,-,-,-,+,-,-,+,-,-,-,qc,1.167524846,-0.093495151,2,
-,-,-,-,-,-,-,-,+,+,-,s4,1.033541248,-0.09383538,2,
-,-,-,-,+,-,+,-,-,-,-,s8,0.941306559,-0.094134295,2,
-,-,-,-,-,-,-,-,-,+,+,s6,1.06604342,-0.09516353,2,
-,-,+,+,-,-,-,+,-,-,-,s6,1.057459885,-0.096263008,3,
-,-,+,-,-,-,-,-,-,-,-,s3,1.157616961,-0.096357167,1,
-,-,-,+,-,-,-,-,-,-,+,s9,1.130887302,-0.096693764,2,
-,-,-,-,+,-,-,+,+,+,-,s3,0.779352274,-0.097033816,4,
-,-,-,-,+,-,+,-,-,-,+,s2,1.153165899,-0.099638518,3,
-,+,-,-,-,-,-,-,+,-,-,qc,1.06505714,-0.101289166,2,
-,-,-,-,+,-,+,-,-,+,-,qc,1.155766093,-0.10136118,3,
-,-,-,+,-,-,-,+,+,-,-,s6,1.117891439,-0.102398661,3,
-,-,+,-,-,-,+,-,-,-,+,s7,1.648660674,-0.103358308,3,
-,-,-,-,-,+,-,-,-,+,-,s4,1.300561268,-0.103754891,2,
-,-,+,-,+,-,-,+,-,-,-,qc,0.908650965,-0.104549917,3,
-,-,-,-,-,-,-,-,-,-,+,s6,0.779396456,-0.105270412,1,
-,-,-,+,-,-,+,+,+,-,-,qc,1.194417719,-0.108383015,4,
-,-,-,+,+,-,-,-,-,-,-,s2,0.964237192,-0.109033685,2,
-,-,-,-,+,+,+,-,+,-,-,qc,1.288445341,-0.11075754,4,
-,-,-,-,-,-,-,-,-,-,+,s1,1.101619509,-0.113077686,1,
-,-,-,+,+,-,-,-,-,+,-,s7,1.802689075,-0.113150218,3,
-,-,+,-,-,-,-,-,+,-,-,s6,1.186832863,-0.113837122,2,
-,+,-,-,+,-,-,-,-,-,-,qc,1.270694626,-0.115673562,2,
-,-,-,+,-,+,+,-,-,-,-,qc,1.147791269,-0.117178453,3,
-,-,-,-,-,-,-,-,-,+,-,s7,0.685089734,-0.118031647,1,
-,-,-,-,+,+,-,-,-,-,+,s6,0.988418294,-0.118126938,3,
-,-,-,-,-,-,-,-,-,+,-,s6,1.249391089,-0.119185421,1,
-,-,-,-,-,-,+,+,+,+,-,s4,0.924294494,-0.119310276,4,
-,-,-,-,-,+,+,-,-,-,+,s8,1.281462125,-0.120507328,3,
-,-,+,-,+,-,-,-,-,-,+,s5,0.817659197,-0.120525289,3,
-,-,-,-,-,+,+,-,-,+,-,s4,1.220851189,-0.121100017,3,
-,-,+,-,+,-,-,-,+,-,-,s6,0.947803971,-0.121152749,3,
-,-,-,+,+,-,+,-,-,-,-,s2,1.023279028,-0.121718581,3,
-,-,+,-,-,-,-,-,-,+,-,s1,1.117004747,-0.12361797,2,
-,-,-,-,-,+,+,+,-,-,-,s2,1.404862838,-0.12402329,3,
-,-,-,-,-,+,+,+,-,-,-,s4,1.129179306,-0.124197288,3,
-,-,+,-,+,+,-,-,-,-,-,qc,0.918268231,-0.124685061,3,
-,+,-,-,-,-,-,-,-,-,+,s6,1.082215846,-0.125087738,2,
-,-,+,+,-,-,+,-,-,-,-,s5,0.965372594,-0.126817232,3,
-,-,+,+,-,-,-,-,+,-,-,s4,1.01941455,-0.127088699,3,
-,-,-,+,-,-,-,+,-,+,-,s6,1.317572892,-0.127577494,3,
-,-,-,+,+,-,-,-,+,+,-,qc,0.891181851,-0.127841849,4,
-,-,+,+,-,-,-,-,-,-,-,s9,0.970771091,-0.129702597,2,
-,-,+,+,-,-,-,-,-,-,-,qc,1.016216397,-0.129714842,2,
-,+,-,+,-,-,-,-,-,-,-,s9,1.334385893,-0.130552594,2,
-,-,+,+,-,-,-,-,-,+,-,s6,1.143795067,-0.131723263,3,
-,-,-,+,-,+,+,-,-,-,-,s7,1.05717301,-0.132197055,3,
-,-,-,-,-,+,+,+,-,-,-,qc,1.277748779,-0.132315083,3,
-,-,+,+,-,-,+,-,-,-,-,qc,1.148616387,-0.132847968,3,
-,-,+,-,-,+,-,-,-,-,-,s1,0.936585022,-0.133068432,2,
-,-,+,-,-,+,-,-,-,-,+,s7,0.882211381,-0.133782778,3,
-,+,-,-,-,-,-,-,-,+,-,s2,1.046565877,-0.133944229,2,
+,-,-,-,-,-,-,-,-,-,-,s5,0.976322693,-0.134322658,1,
-,-,+,-,+,-,-,-,-,-,-,s8,1.369186751,-0.134337359,2,
-,-,-,-,-,-,-,-,+,+,-,s5,1.026667461,-0.134388543,2,
-,-,+,-,-,+,+,-,-,-,-,qc,1.398334185,-0.134760877,3,
-,-,-,-,+,-,-,-,+,-,-,s7,0.745297045,-0.135201127,2,
-,-,-,+,-,+,+,+,-,-,-,s9,1.157445913,-0.136375519,4,
-,-,-,-,+,+,+,-,-,-,+,s7,1.207154195,-0.137327861,4,
-,-,-,-,+,+,+,-,-,+,-,s7,0.726318793,-0.137902762,4,
-,-,-,+,-,+,+,-,-,-,+,s7,1.308025228,-0.138469724,4,
-,-,-,+,-,+,-,-,+,-,-,s6,1.225708379,-0.138738765,3,
-,-,-,+,-,-,-,-,+,+,-,s2,0.703694023,-0.141683191,3,
-,-,-,-,+,-,-,-,+,-,-,s5,0.991862116,-0.141804588,2,
-,-,-,-,+,-,-,-,-,+,-,s2,1.051113408,-0.142182109,2,
-,+,-,-,-,-,-,+,-,-,-,s2,0.983814415,-0.142802973,2,
-,-,-,-,-,+,-,-,-,+,-,s3,1.219707449,-0.143097541,2,
-,-,+,+,-,+,-,-,-,-,-,s8,1.203920959,-0.144639215,3,
-,-,+,-,+,-,-,-,-,-,+,s7,1.565118027,-0.14529656,3,
-,-,-,+,+,-,-,+,-,-,-,s8,1.092017086,-0.145310222,3,
-,-,+,-,+,-,-,-,-,-,-,qc,0.743118078,-0.14630573,2,
-,-,+,-,-,-,-,-,-,-,-,qc,1.309645758,-0.146907165,1,
-,+,-,-,-,+,-,-,-,-,-,s3,0.668747703,-0.148530165,2,
-,-,-,-,+,-,+,+,-,+,-,qc,1.198821583,-0.148869812,4,
-,-,-,-,-,-,-,+,+,+,-,s6,0.893469317,-0.148943314,3,
-,-,-,-,-,+,+,-,-,-,-,s2,1.092453909,-0.149026167,2,
-,-,-,-,-,-,-,+,+,+,-,qc,1.258277838,-0.149526357,3,
-,-,-,-,-,-,-,-,+,-,+,s6,1.081866523,-0.149826421,2,
-,-,-,-,-,-,+,-,-,-,-,qc,1.009241984,-0.150865553,1,
-,-,-,+,-,-,-,+,-,+,-,qc,1.008853165,-0.150882597,3,
-,-,-,-,+,-,+,-,-,-,+,s7,1.186758097,-0.151074744,3,
-,+,-,-,-,-,-,-,-,-,-,s4,1.010560143,-0.152532261,1,
-,-,-,-,+,+,-,+,+,-,-,qc,0.989103205,-0.153817931,4,
-,-,-,-,-,-,-,-,+,+,+,s6,0.864052468,-0.154353128,3,
-,-,-,-,+,-,-,+,+,+,+,s6,0.923455712,-0.155300369,5,
-,-,-,+,+,-,+,-,+,-,-,qc,1.014506809,-0.155739675,4,
-,-,-,+,-,+,-,+,-,-,-,s2,1.256920433,-0.16067733,3,
-,-,-,+,-,-,+,+,-,-,-,s9,1.071841281,-0.160826702,3,
-,-,+,-,-,+,-,+,-,-,-,s9,1.122910914,-0.161049883,3,
-,-,+,-,+,-,-,-,-,+,-,qc,1.080690428,-0.162319908,3,
-,-,-,-,-,+,+,-,-,-,-,s3,0.978738644,-0.162322955,2,
-,-,-,+,+,+,-,-,-,-,-,s2,0.966788005,-0.163520452,3,
+,-,-,-,-,-,-,-,-,-,-,qc,1.207378443,-0.165094679,1,
-,-,-,-,+,+,-,-,-,-,+,s2,0.913533956,-0.165470523,3,
-,-,-,-,+,+,-,+,-,-,-,s9,0.991224032,-0.166079393,3,
-,-,-,-,+,+,-,-,+,+,-,qc,1.253643041,-0.168399044,4,
-,-,-,+,-,+,-,-,-,-,+,s8,0.761895102,-0.168492251,3,
-,-,-,+,-,+,+,-,-,-,-,s4,1.052771971,-0.169469598,3,
-,-,-,+,-,+,-,-,-,+,-,qc,1.129580561,-0.169474071,3,
-,-,-,+,-,-,+,-,-,+,-,s2,1.271914146,-0.16989886,3,
-,-,-,-,+,+,+,-,-,-,-,s9,1.175521545,-0.170581893,3,
-,-,-,-,+,-,-,-,-,+,+,s7,1.03188218,-0.170655958,3,
-,-,+,-,-,-,+,-,+,-,-,s3,1.122339364,-0.171095038,3,
-,-,-,+,-,-,+,-,+,-,+,s7,0.986726604,-0.172810694,4,
-,+,-,-,-,-,-,-,-,+,-,s4,0.980671832,-0.173228867,2,
-,-,-,+,+,-,+,-,+,-,-,s7,0.718947799,-0.173286289,4,
-,-,-,+,+,-,-,-,-,-,-,s6,1.193040013,-0.173370498,2,
-,-,-,+,-,+,-,-,-,+,-,s7,1.006059221,-0.173739182,3,
-,-,-,-,+,-,+,+,-,-,-,qc,1.019555148,-0.173741015,3,
-,+,-,+,-,-,-,-,-,-,-,qc,0.808828952,-0.17604927,2,
-,-,-,+,-,-,-,+,-,+,-,s2,1.058202891,-0.17726406,3,
-,-,-,-,-,-,+,+,-,-,-,s2,0.983336456,-0.177371344,2,
-,-,-,-,+,+,-,+,+,+,-,qc,1.10430605,-0.178240234,5,
-,-,+,+,-,-,-,-,-,-,-,s4,1.114046751,-0.179037367,2,
-,-,-,-,-,+,-,+,-,+,-,s3,1.380655015,-0.179946382,3,
-,-,-,+,+,-,-,-,-,+,+,s7,0.593060586,-0.181098682,4,
-,-,-,-,-,+,+,-,+,+,+,s4,0.641982817,-0.183681372,5,
-,-,-,+,+,-,-,-,+,-,-,qc,1.1130789,-0.185536146,3,
-,-,+,-,-,-,-,-,+,-,-,s3,1.074338343,-0.186544699,2,
-,-,+,-,-,-,-,-,+,-,+,s5,1.264834879,-0.188829426,3,
-,-,-,+,-,+,-,-,-,+,-,s4,1.186984191,-0.189936213,3,
-,-,-,+,-,-,-,+,-,-,+,s4,0.999122885,-0.191513025,3,
-,-,-,-,-,-,+,-,-,-,-,s3,0.996749011,-0.192589407,1,
-,-,-,-,-,-,-,-,+,-,-,s2,0.99126993,-0.192984222,1,
-,-,-,+,+,+,-,+,-,-,-,s9,0.97436179,-0.193559109,4,
-,-,+,-,-,+,+,-,-,-,-,s9,1.43858292,-0.195787905,3,
-,-,-,+,-,+,+,+,-,-,-,s8,0.910329346,-0.196692057,4,
-,-,-,-,+,+,-,-,-,-,-,s2,1.225750637,-0.197571305,2,
-,-,-,+,-,-,+,+,-,+,-,qc,1.513410937,-0.198057376,4,
-,-,-,+,+,+,-,-,+,-,-,qc,1.276346503,-0.198398658,4,
-,-,-,+,-,+,+,-,-,-,-,s8,1.16837516,-0.199357155,3,
-,-,-,+,-,-,-,+,+,+,-,s6,1.083116137,-0.199515113,4,
-,-,+,-,-,-,-,-,-,-,-,s8,1.385452871,-0.200571678,1,
-,-,-,+,-,-,-,+,-,-,-,s6,1.401525306,-0.202910579,2,
-,-,+,-,-,-,+,-,-,+,-,s4,1.224638032,-0.204568316,3,
-,-,-,+,-,-,-,+,+,-,-,qc,1.378591288,-0.205760844,3,
-,-,-,-,-,-,+,-,-,-,-,s9,1.179645471,-0.206053988,1,
-,-,-,-,+,-,+,-,+,-,-,qc,1.447585515,-0.207564691,3,
-,-,-,+,-,+,-,+,-,-,-,s9,0.983447422,-0.209682218,3,
-,-,+,-,-,-,-,+,-,-,-,qc,1.561349399,-0.20969838,2,
-,-,+,+,-,-,-,-,-,+,-,qc,1.165829273,-0.211031063,3,
-,-,-,-,+,-,+,+,-,-,-,s8,1.156206798,-0.212632551,3,
-,-,-,+,+,-,-,-,-,+,-,s2,0.613931363,-0.21423357,3,
-,-,-,+,-,+,-,+,-,+,-,qc,1.394907405,-0.214559418,4,
-,-,-,-,-,+,-,+,-,+,-,qc,0.878081704,-0.214833836,3,
-,-,+,-,+,-,-,-,-,+,-,s5,0.995929952,-0.216225044,3,
-,-,+,-,-,-,+,-,-,-,-,s9,1.144372163,-0.21716808,2,
-,-,+,-,+,-,-,-,-,-,-,s5,0.772123957,-0.217714802,2,
-,-,-,+,-,+,-,-,-,-,-,qc,1.040198306,-0.218005565,2,
-,-,+,-,-,-,-,-,-,-,-,s1,1.053904961,-0.219707182,1,
-,-,-,-,+,+,+,-,+,+,-,qc,1.530254108,-0.221775162,5,
-,-,-,-,+,+,-,-,-,-,-,s1,1.199100279,-0.221776522,2,
-,-,-,-,-,-,-,+,+,+,-,s5,0.772473523,-0.223069991,3,
-,-,-,-,+,-,-,+,-,-,+,s2,1.179165552,-0.223700942,3,
-,-,-,-,-,-,-,-,+,+,-,qc,1.575792922,-0.223909744,2,
-,-,-,-,+,-,-,+,+,-,+,s6,1.052955396,-0.224924158,4,
-,+,-,-,-,+,-,-,-,-,-,s8,1.522197035,-0.225634084,2,
-,-,-,-,+,+,+,+,-,+,-,qc,1.161709239,-0.227059548,5,
-,-,-,-,+,+,-,+,-,+,-,s6,0.989635188,-0.229757658,4,
-,+,-,-,+,-,-,-,-,-,-,s6,0.9310635,-0.23051518,2,
-,-,-,-,+,-,+,-,-,-,-,s1,1.069410897,-0.230589209,2,
-,-,-,+,-,+,+,-,-,-,-,s9,1.459802431,-0.233290035,3,
-,-,+,-,+,+,-,-,-,-,-,s9,0.613241154,-0.235843455,3,
-,-,-,-,-,-,-,+,+,-,-,s6,1.013642697,-0.237711546,2,
-,-,-,-,-,-,-,-,+,-,-,s4,0.901032801,-0.238699848,1,
-,-,+,+,+,-,-,-,-,-,-,s8,1.28386624,-0.238934807,3,
-,-,-,-,-,-,+,+,+,-,-,s4,0.936522869,-0.239469629,3,
-,+,-,-,-,-,-,-,-,-,-,s8,1.186655376,-0.239521553,1,
-,-,-,-,+,-,-,+,-,+,+,s5,1.152445668,-0.240590882,4,
-,-,+,-,-,-,-,+,-,-,+,s3,1.386615725,-0.241189626,3,
-,-,-,-,-,+,-,-,+,+,-,qc,1.583739749,-0.241828223,3,
-,-,-,+,-,+,+,+,-,-,-,s4,0.946799533,-0.242577328,4,
-,-,-,-,-,+,-,+,+,+,-,s6,1.00992508,-0.246576183,4,
-,-,-,-,-,+,-,-,-,+,-,s2,0.984504401,-0.246652832,2,
-,-,+,-,-,-,+,-,-,-,-,qc,1.447759155,-0.247206063,2,
-,-,-,-,-,+,+,+,-,+,-,qc,1.429758117,-0.247231123,4,
-,-,+,-,-,-,-,-,-,+,+,s5,1.437462112,-0.249854433,3,
-,-,-,-,-,+,+,-,+,-,-,qc,1.080803759,-0.254122066,3,
-,-,-,+,-,-,+,-,+,-,-,s2,1.055688546,-0.254357442,3,
-,-,-,+,+,-,-,-,-,+,+,s5,0.830830394,-0.255088517,4,
-,-,-,+,+,+,+,-,-,-,-,s9,1.446061923,-0.258403694,4,
-,-,+,-,-,+,+,-,-,-,-,s7,0.98071412,-0.258408295,3,
-,-,+,-,-,-,-,-,+,-,-,qc,1.410345345,-0.258788772,2,
-,-,-,-,+,-,+,-,+,+,-,qc,1.079844772,-0.259453684,4,
-,-,+,-,-,-,-,-,-,+,-,s3,1.385584415,-0.26470911,2,
-,+,-,-,+,-,-,-,-,-,-,s8,1.064417437,-0.267734984,2,
-,-,-,+,+,-,-,-,-,+,-,qc,1.05660868,-0.268574644,3,
-,-,-,-,+,-,-,-,-,-,+,s7,1.575203218,-0.268960262,2,
-,-,-,-,+,+,-,-,-,-,-,s9,1.356465811,-0.269805088,2,
-,-,-,-,-,-,+,-,+,+,-,qc,1.213874057,-0.270009187,3,
-,-,-,-,-,+,+,-,+,-,-,s2,1.072706912,-0.272152248,3,
-,-,+,-,-,+,-,-,-,+,-,qc,1.197444418,-0.273750743,3,
-,-,+,-,+,-,-,-,+,-,-,s7,0.739164164,-0.274558278,3,
-,-,+,-,-,-,-,-,-,-,+,s7,0.789310833,-0.275461796,2,
-,-,-,+,-,+,+,-,-,+,-,qc,1.331443648,-0.276658722,4,
-,-,-,-,+,-,+,-,-,-,-,s9,1.433099498,-0.277084351,2,
-,-,+,-,+,-,+,-,-,-,-,s7,0.890864751,-0.27877556,3,
-,-,-,-,-,+,+,-,-,-,-,s8,0.971752047,-0.283987481,2,
-,-,-,-,-,-,-,+,-,+,+,s2,0.935515045,-0.284715237,3,
-,-,-,-,+,+,-,+,+,-,-,s6,1.08712081,-0.285949965,4,
-,+,-,+,-,-,-,-,-,-,-,s8,1.360377182,-0.287059053,2,
-,-,-,+,+,-,+,+,-,-,-,qc,1.44451064,-0.288991417,4,
-,-,-,-,+,-,-,-,-,+,-,s5,1.354543521,-0.290058243,2,
-,-,-,-,-,+,+,-,-,+,-,s3,1.124196518,-0.29230843,3,
-,-,-,+,-,+,-,-,-,-,-,s8,0.978894063,-0.293424311,2,
-,-,-,-,-,+,-,-,+,-,-,s2,1.074230126,-0.29365906,2,
-,-,-,-,+,-,-,+,+,-,-,qc,1.559646475,-0.293822621,3,
-,-,+,+,-,+,-,-,-,-,-,qc,1.343909179,-0.296507637,3,
-,-,-,-,-,-,+,-,-,+,-,s4,1.182249763,-0.298724567,2,
-,-,+,-,-,-,-,-,+,+,-,s5,1.362694854,-0.299671145,3,
-,-,-,-,-,-,+,-,-,-,+,s7,0.892888245,-0.299827831,2,
-,-,-,-,-,+,-,+,+,-,-,qc,1.283331224,-0.300675167,3,
-,-,-,+,+,+,+,-,-,-,-,qc,1.210410529,-0.302045097,4,
-,-,+,-,-,+,-,-,+,-,-,s4,1.255567869,-0.302428737,3,
-,-,-,-,-,+,+,+,-,-,-,s8,1.251141908,-0.305117324,3,
-,-,+,+,-,-,-,-,-,-,-,s8,0.736731325,-0.30612228,2,
-,-,+,-,+,-,+,-,-,-,-,qc,1.36161491,-0.31307198,3,
-,-,-,-,+,+,+,-,-,+,-,qc,1.119594581,-0.314479657,4,
-,-,-,-,-,+,+,+,+,-,-,s3,1.445528897,-0.3160775,4,
-,-,-,+,-,+,-,+,+,-,-,qc,1.625306443,-0.317499632,4,
-,+,-,-,-,-,-,-,-,+,-,qc,1.209447153,-0.318878187,2,
-,-,+,-,-,-,-,+,-,+,-,qc,1.561042042,-0.322804944,3,
-,-,+,-,-,-,-,-,-,-,+,s5,1.674888297,-0.323850954,2,
-,-,-,-,-,-,-,-,+,+,+,s5,1.411031575,-0.326240986,3,
-,-,-,-,-,-,-,-,+,+,-,s6,0.941642897,-0.326434471,2,
-,-,-,+,-,+,-,-,-,-,-,s4,1.245521901,-0.33015911,2,
-,-,-,-,+,-,+,+,+,+,-,qc,1.456740672,-0.334196594,5,
-,-,+,-,-,+,-,+,-,-,-,qc,0.945697377,-0.335487507,3,
-,-,+,-,-,+,-,-,-,+,-,s7,1.324037325,-0.341162411,3,
-,+,+,-,-,-,-,-,-,-,-,qc,1.501229615,-0.36239921,2,
-,-,+,+,-,-,-,+,-,-,-,qc,1.573890754,-0.364039191,3,
-,-,-,-,+,+,+,+,-,-,-,qc,1.365868889,-0.364654284,4,
-,-,-,+,-,-,+,-,-,+,-,qc,1.363150621,-0.369824771,3,
-,-,+,+,-,-,-,+,-,-,-,s9,0.766763964,-0.37069579,3,
-,-,-,-,+,+,-,+,-,-,+,s3,1.048751804,-0.373879193,4,
-,-,-,+,-,+,-,-,-,-,-,s2,1.398321646,-0.375522515,2,
-,-,-,-,+,-,-,-,-,+,+,s5,1.39274447,-0.378086116,3,
-,-,-,+,-,-,+,+,-,-,-,qc,1.518341617,-0.381088019,3,
-,-,+,-,+,-,-,-,-,-,-,s7,1.47134507,-0.381489557,2,
-,+,-,-,-,-,-,-,+,-,-,s7,1.037529567,-0.385341817,2,
-,-,-,-,-,+,-,+,-,-,-,qc,0.983668688,-0.394297268,2,
-,-,-,+,+,+,+,-,-,-,-,s8,1.19962455,-0.394392028,4,
-,-,-,-,+,-,-,-,+,-,+,s5,1.27680312,-0.395409709,3,
-,-,+,-,+,-,-,-,+,-,-,s5,1.028532684,-0.399003177,3,
-,-,-,-,-,+,-,-,+,-,-,qc,1.339224395,-0.400448837,2,
-,-,-,+,+,-,+,-,-,+,-,qc,1.115031485,-0.404466513,4,
-,-,+,+,+,-,-,-,-,-,-,s7,0.997475683,-0.404839287,3,
-,-,+,-,-,-,-,-,-,-,+,s6,1.394151861,-0.404860835,2,
-,-,-,-,-,-,+,-,+,+,-,s2,1.082998613,-0.408592449,3,
-,-,-,+,+,-,-,-,+,-,+,s6,1.265420334,-0.410937158,4,
+,-,-,-,-,-,-,-,-,-,-,s3,1.079504585,-0.412876635,1,
-,-,-,-,-,-,+,+,+,+,-,qc,1.35466191,-0.417423122,4,
-,-,-,-,-,+,+,-,-,-,-,s1,1.106435011,-0.417956302,2,
-,-,+,-,+,-,+,-,-,-,-,s9,1.240524912,-0.421324358,3,
-,-,+,-,-,-,+,+,-,-,-,qc,1.556627104,-0.421686497,3,
-,-,-,+,-,-,-,-,+,+,-,s6,1.150789791,-0.424021034,3,
-,+,+,-,-,-,-,-,-,-,-,s8,1.358070509,-0.424347711,2,
-,-,-,+,-,+,+,+,-,-,-,qc,1.235541832,-0.427310498,4,
-,-,-,-,+,-,+,+,+,-,-,qc,1.359317719,-0.429049722,4,
-,-,-,-,-,-,-,+,-,+,-,qc,1.238431073,-0.43035824,2,
-,-,-,-,-,-,-,-,-,+,+,s7,1.11506224,-0.430797767,2,
-,-,-,-,+,-,+,-,+,+,-,s7,0.947325783,-0.432312003,4,
-,-,+,-,-,-,-,+,-,-,+,s4,0.968984729,-0.437173696,3,
-,-,-,+,-,-,-,-,-,+,-,s2,1.262156936,-0.444579333,2,
-,-,-,-,+,+,-,-,-,+,-,s2,1.277512423,-0.445337641,3,
-,-,-,+,-,+,+,-,-,+,-,s4,0.921667508,-0.44928794,4,
-,-,-,+,-,-,-,+,-,-,-,qc,1.501158543,-0.453199035,2,
-,-,-,-,+,-,+,+,+,-,+,s5,1.288532452,-0.45332358,5,
-,-,-,-,-,+,+,-,-,+,-,qc,1.365587418,-0.457241966,3,
-,-,-,+,-,+,-,-,-,+,-,s2,1.314139838,-0.458524464,3,
-,-,-,+,-,-,+,-,-,-,-,qc,1.5392978,-0.467226484,2,
-,-,+,-,-,-,+,-,-,+,-,qc,1.491325626,-0.472293752,3,
-,-,+,-,+,-,-,+,-,-,-,s6,1.074038836,-0.473562501,3,
-,-,-,-,-,-,-,-,-,+,+,s5,1.585982864,-0.474116138,2,
-,-,-,+,-,-,-,+,+,-,-,s2,1.547034835,-0.477486397,3,
-,-,-,+,+,-,-,+,+,-,-,qc,1.277959966,-0.481334393,4,
-,-,-,-,-,-,+,-,-,-,-,s7,0.780996137,-0.483536253,1,
-,-,-,-,-,-,-,+,-,+,+,s3,1.43481696,-0.492807454,3,
-,-,-,-,-,-,+,+,-,-,+,s2,1.196645649,-0.49402543,3,
-,-,-,-,-,-,-,-,-,-,+,s3,1.389844779,-0.507178515,1,
-,-,-,-,-,-,+,-,+,+,-,s4,1.203285439,-0.508651688,3,
-,-,-,+,+,-,+,+,-,-,-,s8,1.133479272,-0.510590609,4,
-,-,-,+,-,-,+,+,-,-,+,s8,1.151491677,-0.511146953,4,
-,-,-,-,-,-,+,-,-,+,+,s7,0.804883415,-0.528911178,3,
-,-,+,-,-,+,-,-,+,-,-,qc,1.27768478,-0.530333874,3,
-,-,-,+,+,-,-,-,+,+,-,s5,1.639349797,-0.531518253,4,
-,-,+,-,-,-,+,-,-,+,-,s3,1.603987835,-0.535310397,3,
-,-,+,-,-,-,+,-,-,-,-,s1,1.321145021,-0.544752711,2,
-,-,-,+,+,+,-,-,-,+,-,s7,0.820874115,-0.545013569,4,
-,-,-,-,-,+,-,+,-,-,+,s8,0.596790789,-0.553198111,3,
-,-,+,-,-,-,-,+,+,-,-,qc,1.686060843,-0.564542201,3,
-,-,+,-,-,-,+,-,+,-,-,s4,1.568173877,-0.565398443,3,
-,+,-,-,-,-,-,-,-,-,+,s7,1.549742472,-0.569786826,2,
-,+,-,+,-,-,-,-,-,-,-,s2,1.452619081,-0.570257857,2,
-,-,+,-,-,-,-,-,-,+,+,s7,0.832495967,-0.570481492,3,
-,-,-,+,+,+,-,-,-,-,-,qc,1.978606367,-0.576118046,3,
-,+,-,-,+,-,-,-,-,-,-,s5,1.359837801,-0.582650326,2,
-,-,-,-,+,-,-,-,+,+,-,s2,1.208551668,-0.586242043,3,
-,-,-,-,-,+,+,-,-,-,+,s4,1.2695056,-0.587443824,3,
-,-,+,-,+,-,-,-,+,-,-,qc,1.48447065,-0.587481541,3,
-,-,-,+,-,-,+,-,+,+,-,qc,1.387204069,-0.590996195,4,
-,-,+,-,-,-,-,-,+,-,-,s7,0.841041059,-0.597594202,2,
-,-,-,-,-,+,+,-,+,+,-,qc,1.595689937,-0.612823071,4,
-,-,-,-,+,-,-,-,-,-,+,s5,1.43614504,-0.619814423,2,
-,-,-,+,-,-,-,-,-,-,-,s8,0.868645527,-0.629695863,1,
-,-,-,-,+,-,+,-,-,-,-,qc,1.886762295,-0.63150455,2,
-,-,+,-,-,+,-,-,-,-,-,s4,1.386098518,-0.644661073,2,
-,-,+,+,-,+,-,-,-,-,-,s7,1.888689327,-0.650851758,3,
-,-,-,-,+,+,-,-,+,-,-,s7,0.880320287,-0.672206809,3,
-,+,-,-,-,-,-,-,-,-,+,s5,1.43324477,-0.679770555,2,
-,-,-,-,-,+,+,+,+,-,-,qc,1.500763201,-0.697748232,4,
-,-,-,-,-,+,-,-,-,-,+,s1,1.580514314,-0.739313903,2,
-,-,-,-,+,+,+,-,-,-,-,s8,1.328535431,-0.743488302,3,
-,+,-,-,+,-,-,-,-,-,-,s7,1.589942437,-0.803767545,2,
-,-,-,+,-,+,-,+,-,-,-,qc,1.26630192,-0.810548769,3,
-,-,+,+,-,-,-,-,-,-,-,s7,1.169871161,-0.909170313,2,
-,-,-,+,+,-,-,+,+,-,-,s6,1.123807556,-1.023200588,4,
-,-,-,-,-,-,-,-,+,-,+,s7,1.081871979,-1.055063047,2,
-,-,-,+,+,-,-,-,-,+,-,s6,1.132804241,-1.069685479,3,
-,-,-,-,-,+,+,-,+,+,-,s7,1.221638746,-1.106500631,4,
-,+,+,-,-,-,-,-,-,-,-,s7,1.632171803,-1.179326665,2,
-,-,-,+,+,+,-,+,-,-,-,qc,1.342946636,-1.252383637,4,
-,+,-,-,-,+,-,-,-,-,-,s7,1.220433475,-1.297046825,2,
-,-,-,+,+,-,-,-,-,-,-,s7,1.643058832,-1.443797166,2,
-,-,+,-,+,-,+,-,-,-,-,s8,1.36874985,-1.726801665,3,